area_sqft,bedrooms,bathrooms,age_years,distance_from_city_km,locality_score,price_lakhs
1398.685661204493,3,3,23,17.96885015061265,7.115966529154155,96.92082788647731
1144.694279531526,3,3,9,9.474016462059794,1.6038435936689086,81.75952081755628
1459.075415240277,3,3,0,1.7969304214360473,6.343352046562911,137.13128225388851
1809.2119425632102,4,3,24,18.995847224733733,7.948286073751193,140.57104301501153
1106.3386501106656,5,2,7,23.901791431714244,8.453914820979348,122.53002848276738
1106.3452172203279,5,3,21,6.383714102539348,2.5347735045439777,99.22462704777215
1831.6851262029566,2,1,15,8.426353036557428,9.076771450703562,141.74590038735403
1506.9738916611636,5,2,12,5.003415792304466,6.90531482662698,142.7229557330591
1012.2102456260192,5,2,2,14.634935021948571,8.936693207386146,144.10109903270128
1417.0240174343858,3,3,2,4.293614168862646,5.367526453991784,138.00775757352392
1014.6329228750151,3,2,23,9.226751614803796,5.8783001058748185,81.64013448028918
1013.7080985718973,2,3,4,17.576818841389443,9.27134449325804,114.43964251388208
1296.7849086264137,1,1,25,14.222841583729036,9.099185890192047,94.6716846161465
434.6879021368809,2,3,10,9.968332826034413,5.033447860321018,58.72155012454305
510.0328669947869,2,2,29,10.796115244284776,3.469713684721136,30.908369675973876
975.0849883036109,4,1,6,14.271716624269123,4.538533911078377,95.90003208523224
794.8675518662305,4,3,20,0.6436858332354519,4.489878956767748,92.81834055049985
1325.6989330381095,2,1,23,2.4234917771134414,3.5818018748451457,82.92044822594129
836.7903697915156,2,1,9,22.090822660193783,3.4172164389966992,56.6587106060785
635.0785194658835,2,2,9,2.4080352327366237,8.749566428317475,117.25300167216841
1786.2595075686218,5,1,19,17.816688107157375,1.6287572861619553,94.36119625312635
1109.6894798053856,4,2,1,23.04093502067179,7.098500638896347,104.31070639244544
1227.0112818751695,2,1,2,7.131748305392412,2.5553804631080705,81.98172459210308
630.1007255146172,3,3,7,9.577040207958099,4.100553040546569,75.63929410379158
982.2469101899269,3,1,10,14.438574443195549,1.5538873072135317,60.20898457888836
1244.3690358839465,5,3,12,22.101869756145327,3.4297627316991584,91.53151123250215
739.6025690310789,5,3,6,23.576686887880296,7.915789640055179,92.55530102437066
1350.2792073382689,1,1,12,18.619299578726068,8.965137920925327,109.64083432010077
959.744524032478,1,3,1,2.6221841409400035,2.9937443671213035,85.10100882149159
1083.3225000826892,1,1,5,16.894276810603845,5.171930553330297,65.15967778426229
959.3173551082413,5,1,8,10.552441185880221,5.232916431434857,104.00075420878957
1940.911273803575,5,3,19,12.032174487531009,8.862177751837608,180.53906865477936
1194.6011101048264,5,3,24,1.7041355634568376,7.8651914758822485,128.39906318365723
776.9156284176399,3,2,1,5.181022413985776,5.617694965312449,97.33926787850123
1529.0179648412757,5,3,17,19.86758338457437,7.03672480424596,117.46613925463168
711.6625400115911,3,2,15,11.621991409672564,8.6261954851843,90.88886452902976
1283.545438001902,1,3,24,7.890724919963147,1.0858505862299044,63.5385414124257
416.1319504480898,1,1,11,9.908467312141475,4.626010279450437,29.874052624656823
668.7255804406278,1,3,6,21.432788076479167,9.165188505493708,76.06682550814767
1278.7444943476494,2,1,6,18.850475926421442,7.662817277595563,103.49925319575121
1495.3866319981641,2,1,16,7.171727230936528,5.885572369006672,106.91336103469429
1268.5473124759883,4,1,12,3.378795085203146,5.7668007433162005,105.769825971642
1153.7406870447037,4,2,10,6.673956430279757,4.12993087843994,105.67936747053352
1079.5585217642845,4,3,5,23.058533050840975,5.6846848027736305,102.48775333252443
608.591203853029,2,1,28,14.748926527319005,6.898448795171079,50.54246924511821
912.0623166421166,2,1,22,13.57026511424718,4.7652673458591375,65.464804661487
1015.744491616085,4,2,26,15.111643192465307,7.427378317529566,88.62322164782532
1622.8488904875662,4,3,13,9.467692510789623,8.751090045343473,154.07338503338585
1337.4473158273845,5,3,5,20.27412199782806,2.3921636336637504,91.88756232039526
494.7839378549064,4,2,5,13.32051310785612,5.0639232053568195,61.85919396071733
1329.6335877579181,5,2,1,3.360323617835491,4.67218082156573,139.28283988682028
1045.9670878334734,3,3,21,3.6620955583120427,7.187183236447553,108.1616034646558
929.2311998776165,2,2,19,13.65304908931415,3.248807187321364,52.01724764231517
1444.6705155363472,4,3,24,23.44597034273556,6.762258234570487,96.72731008251299
1612.3998089983804,2,3,14,8.05462698106687,8.897403175583392,142.69367713525395
1572.5120476464795,2,1,27,21.803758637050848,4.763184398142604,60.51352318742356
864.3129907109446,2,1,16,19.220341871182544,9.19914129981298,87.16754188096084
1076.3150496595142,3,3,28,6.571404851219218,9.938473650401306,120.38731227908383
1332.5053725614257,1,3,7,1.39034833374794,1.9548284495315686,75.76096335783726
1590.2180508489437,4,3,4,2.995257995988377,3.097478691863728,131.35806616322787
1008.3303048618841,1,3,16,18.348101379262285,9.553417763338839,112.10744764663389
1125.7364093344731,1,3,19,5.391908581995844,9.62494917833248,119.25288946735897
757.4660103975887,1,3,0,9.596137552382148,1.8793654784808265,50.22258084241659
721.5173503677318,2,2,21,12.791629567157408,1.1349865033942301,38.86188976423409
1525.0103289576791,5,3,17,18.27397012702899,2.4499002093078004,91.46879687021254
1742.4960114283292,2,2,14,3.274164969848572,9.964115050440235,138.09749944424894
1171.1959513678664,2,2,4,10.455976929297806,2.619996549496182,78.13817943363198
1601.4131591568098,1,3,6,12.384286273996038,5.522928460498209,112.95323754488305
1344.6544100190536,2,3,17,13.750263067302722,8.635759537874598,119.71433254871307
941.9520981579503,1,2,5,20.54983571418281,1.183614496193857,45.43119833367849
1344.5582422033656,5,2,21,4.706115778558814,6.440400840326135,130.6581879071193
1815.2146265863876,4,3,20,20.291870569752245,3.493229039826619,96.38185873487564
1185.6695843560194,1,3,4,17.47552147856798,8.761014247957585,104.26313792830653
1825.8574623256025,5,2,29,14.118834947874504,3.5511503433767126,121.07734106051275
300.0,4,2,18,17.638432824863013,7.18080148253718,66.56501691824687
1528.7610017500895,3,2,9,10.594434604315582,7.067976692026572,126.74563196219336
1234.8188272952684,1,1,14,3.890740856219052,2.99344193973676,73.29241677452728
1080.397059813653,1,2,9,16.8112483865015,1.313192798815151,49.623685458921244
1236.704310614201,3,1,26,13.354471513797746,4.683246164068576,60.206626881678446
404.97243415964283,3,3,15,16.164682613297998,3.6027383676928273,56.681699748466436
1112.1312448649953,1,3,11,8.780970135198006,8.280799746523378,102.50927707593314
1342.8450286046987,3,2,17,22.718231144825978,8.203277696098109,108.4465067498934
1791.1576178966066,2,3,22,14.890561780101635,5.1132155697336295,88.36754804599339
992.691912690541,4,3,0,2.592360865126409,6.45861002790897,140.59989843350144
876.6025588427249,4,3,15,11.520197772258502,6.4383356438823265,90.00159853432335
999.2971825661854,4,3,21,19.03072334121904,8.44442333584861,123.32877347735135
1566.1608470808296,2,1,5,19.956296762440672,4.825021727108778,109.43373546419281
1331.500443863874,3,1,2,12.61762779271209,3.4790201181145815,82.4511591759276
988.0959184931845,5,2,1,22.421315485366875,3.3853142632649273,93.60691681941616
1405.3069732453425,3,2,27,7.05787671126029,5.825730513539837,93.98604996056581
1238.8310197392161,1,2,1,10.55966808233753,5.042333824589913,85.414548850003
1587.4579962131556,4,3,29,22.515624308939767,4.961086938864426,93.0487214842335
919.178762449059,3,3,12,22.458289553553684,1.820236051807365,58.317958543822535
1068.9351413608927,5,1,8,17.29996283620468,7.46743366621176,113.34382227850031
1043.1567387471368,1,1,15,21.545023404494394,2.923630191837196,30.01707973586346
614.5940207471526,2,2,26,2.6749450404277004,2.7725826718784923,49.80190414360446
1318.4481108258303,2,1,4,21.69237691709052,4.714824882496541,77.75538896968544
1304.4221088719557,5,1,22,8.355187710480557,3.0500050745602127,79.80837704073271
1202.0453826569844,1,1,27,4.869122054491299,6.254724405772138,73.70518407865546
1106.1651466499413,4,1,20,6.364560990380135,4.343170054010244,102.48239356279944
633.8517031798343,3,1,6,10.740228446340232,5.040205503335111,66.87403535787145
1031.7418708938565,1,2,12,6.654204112809447,5.83452389443626,67.16618813326252
1062.9141933892922,2,2,19,8.353905857404227,2.8318197023362437,72.11310374963858
879.0890923113525,5,1,23,3.806972908755231,2.401764605789768,68.5811478205643
1135.4857153335963,5,2,28,7.756330756195464,8.923797125862443,124.6474744810515
1361.6203427258154,3,3,26,14.52095345627903,4.903513325482789,90.09295926475818
1954.474360484212,5,1,29,11.325415848231067,4.708842486692852,138.50726398116439
1269.8311251327357,5,3,25,8.994609650279823,1.3205093524555733,87.90165856965726
1303.0201562891057,1,2,12,18.788077156999293,5.481786723286539,68.22422058161163
1170.221633693533,4,2,26,22.39099429913629,5.987527494499001,79.16516449174486
432.4915138803834,3,3,25,19.04133596110873,6.029567838591999,41.959712810441694
1189.3944498203132,1,2,6,8.63401720188314,7.363280523905959,98.8674950497748
1224.0920839764105,4,1,9,18.738833112020064,2.597336514919106,92.13988899672593
2185.2968449941145,1,3,14,4.223514470614255,3.2700082080755695,134.67793422383352
1123.055614087551,1,1,20,3.6927907082366276,8.296574187073714,109.21512293205082
1320.618936933445,5,3,26,8.967862407385894,9.524535551590546,143.847631349859
1186.1152921179028,4,2,5,20.288708041579397,2.2233947263058855,81.51390851439047
732.5287849521872,3,3,4,6.535532057436396,5.478845990546963,85.80788833063797
1657.1291258060082,3,3,22,2.04970851801765,2.9275862746562815,113.23402039948513
1500.7732130747097,4,1,27,3.7268836125556994,1.540658515194842,86.66359509662936
1516.4127788172186,5,2,1,21.539251728974715,3.9295300431352187,121.39767214795376
836.2450180821045,2,1,20,16.027690476308546,2.2931886266579147,28.178889171728716
1761.1177243744396,1,2,14,6.703428502564428,7.389397660908217,122.76402899370241
639.2595748830877,5,1,25,14.104747720540443,5.803528723043,59.074178951232966
1434.7428375201082,4,3,15,13.425700749421084,2.294510238912798,99.92054896301784
2076.1822503239914,1,1,18,16.5581814717962,1.0831742956496293,84.06344432439558
803.7854699477247,3,2,8,6.2130950833296,8.273413441217915,92.98303196224892
973.4809081588912,2,2,28,21.677873186262744,2.585749655478228,26.189672947016113
1239.8605460350566,3,3,21,8.079529770960315,6.455949779986894,96.66614736116438
998.6097383535204,4,2,28,17.506225522417804,4.03229721769071,66.30275123600472
579.734627573547,1,1,25,0.8950538361192648,6.26937344483532,44.45035740383487
1227.425189922411,4,3,18,9.630099682406607,3.840882642840916,110.35123156188787
775.0785145095581,1,2,6,9.116890539990804,1.7824560462302874,51.32222463438716
1389.4369722540725,5,2,3,13.815368500283855,3.0065500770197824,116.37783865108602
832.2303063064787,2,1,29,2.282038413541314,2.6925270983116802,35.95469719250535
1819.973762007016,5,1,2,19.858218656289655,4.852174171956794,140.92742661873467
886.6986830655052,5,3,23,5.835629643305429,6.924554050835416,116.24288499178219
1071.1753935177298,4,2,28,17.08742646460925,3.3742546745172177,62.08474387883591
1525.4068869478679,2,1,19,20.178697019480282,1.1086294177055616,44.54650659787269
707.6542734264178,1,3,10,14.265985427917071,5.670436278382812,63.138859676433924
1290.9839738416517,1,2,0,18.651638564688646,6.451835404230748,88.69187367174224
1722.8571017129711,3,2,5,16.715577649267637,9.665834446016287,142.06546838960458
557.006706175509,1,3,25,9.210480030224186,6.305237227839221,49.20069314003833
1273.8535434129217,4,3,10,20.31703420632235,5.240553034403277,109.157773871167
1303.9531176993694,5,1,26,7.720183562195436,6.1606146330793345,89.77275766407845
1512.7291487109242,5,2,0,14.494716484912171,9.351105668758244,168.22520824530315
705.2197156487672,5,2,20,18.762244608967716,8.455403310414816,101.93754544565112
671.8173547662894,2,2,6,9.784419790406437,3.906808600274272,64.81681032400476
1408.776626246759,1,3,5,7.917806386626914,3.1352892729142354,90.55263159101732
1318.7938692932744,4,1,13,11.753977249234158,3.3637025112946626,100.68757173131299
1300.1971401383507,2,2,1,20.540105611554264,5.539789357436917,91.9614074682326
1338.5792837987904,3,3,26,23.283083197068787,7.6964450610572,94.44760242461842
927.9901113686037,4,2,3,13.854543615067309,5.528972864646659,107.01768440423513
1292.9014788644015,4,1,10,16.70592203042947,1.6101675624530132,93.5416312875002
1317.2289893194725,4,2,14,22.630203744853397,7.512226303959828,100.22436326202603
914.2594327894528,5,1,17,2.9143978596170887,8.253731158038585,121.96517850003067
1946.3098044579026,4,1,26,6.1859251577210435,3.605480786077477,109.30258070478484
1389.533168364715,1,2,0,17.86805015316377,6.9771316535501535,104.96323977200345
723.4786011189406,4,2,2,20.681739316851342,4.83932710948954,70.94896070006396
1462.6214434535318,5,1,2,21.497211194099158,9.002074201546986,147.12614278706596
810.1273319090715,4,3,27,10.670125832945848,8.607030023446658,99.89280386136315
1514.8338414969808,3,1,6,2.6888276061507375,5.72888798478678,123.88608700234224
1663.4382316029617,3,2,0,11.225646193840689,7.22354991232235,151.7741652431032
871.7270726593158,5,2,24,6.152997460072817,8.950147309198936,110.48098181987652
1585.3504516977287,1,3,10,7.634313147417292,5.461453090704479,115.42705064656865
1365.1123707745994,1,1,5,19.420555142518893,3.8192566643993975,64.97330296516108
1528.824063997796,2,1,19,2.3504136076342284,7.7829952411862315,128.04493834860222
1958.717193061579,5,1,2,20.775739828277203,2.980596293062226,138.78900724285435
1101.8447535988519,4,2,18,10.977892602692142,4.496780332054378,88.8869671980443
898.5055342570042,5,1,1,15.10356631196458,8.791545133961144,101.70501707288459
844.1942281497907,2,3,17,2.6964796652741354,7.519801062423836,91.7666745457419
873.6758860138248,5,2,29,8.76529741975335,4.634299047227493,102.86394284245708
1169.1593162343584,5,2,11,2.697672515863722,2.9327005216752164,103.43425179604338
1336.4607899266575,2,1,28,24.057821210587186,4.203715517490129,69.26181240212023
1310.6763197320076,1,3,9,20.277910408493135,3.556937343046897,66.93827803499599
1530.8732996144095,4,2,4,11.761002481733275,2.584803591494685,104.03692220638487
1205.2007567511628,2,2,8,5.978262433929942,7.68999622209091,119.03359708163828
1781.4136308629268,3,1,1,23.36965007862138,3.2686289816515437,105.2065351449482
1094.1372667048176,1,1,1,8.942616595310808,5.087507231509875,88.04747392697831
2288.0676666358477,3,3,27,4.444118576340681,4.472735021524981,141.90579730466268
1450.2669391060026,1,1,5,14.297527517121894,9.838696407720677,124.4120384696644
857.136977433487,4,3,28,23.622465948447996,4.5198301973339845,69.63518678480497
771.643000775555,4,2,9,0.5938421172579031,1.7198423451707932,88.32260306920159
1392.9889660972742,5,3,17,6.334058659722969,1.8084317731487562,102.34575127920918
1110.6148858696597,3,3,11,23.491967190054986,6.316783492177583,98.1570438113655
1485.6001976368368,1,3,3,4.6916061880004705,6.394271965644391,116.0170241221862
1389.2950498294178,4,2,21,3.2744645651755864,4.768830914343894,111.14509541026038
1170.8684349372509,2,1,20,14.46958678709521,4.886593230808267,68.22411851152526
861.282512772638,4,2,16,21.615173670723333,1.485393245567841,42.947032855725574
594.0611101256542,2,1,14,12.18919053350119,5.64891859350336,41.91509199359536
1021.3940191731915,1,3,5,24.866824288770857,5.542655278423165,78.16826572684536
1542.559517729389,4,3,15,17.139706638680824,2.345943867012501,92.30519719457538
1285.6374976520815,4,3,16,2.3148352266559695,1.934554474998348,98.72529417574584
701.7044885152047,1,3,2,24.824387226208398,2.1121524153954145,30.014617563317422
1269.272370340473,4,3,9,10.493408801114665,1.9092542184213266,93.72745512089325
1354.1269518915346,2,1,4,7.541362079214322,6.487373759830838,104.56309737590799
846.4570255195467,4,1,13,14.168039997658196,2.768343871626268,74.53165233648674
1261.4900423782112,3,3,25,7.955535999611175,3.262871369687171,81.073603736835
1223.2834873784,5,2,28,2.618208924443732,2.5621492973629576,108.59523518896133
742.8118808677507,2,2,20,0.5349944054398297,9.620517740036528,109.62181898631697
1343.1149441393134,3,3,12,11.514792146546426,8.691557168366518,124.37618898865666
1424.3138105472938,1,1,25,21.00315384455151,3.0744535361636878,52.89555115651797
1633.2204972701109,2,2,5,14.521722047936876,3.9480966452991337,105.91220642820262
1621.520820813961,5,2,11,24.9805788241143,2.8890355807449746,108.25881346222808
648.9322528171635,5,2,25,7.5277428183563995,5.426883635147414,90.25369786740059
824.8699840339509,1,3,7,7.371149086621355,1.1764947922682825,54.225800383293766
1406.014106883464,1,2,4,4.4138617757316325,7.042312080071161,107.39248836216959
1405.5143803648834,2,2,29,4.519557912500712,5.7084233483587745,100.0023243076805
1406.0190745224193,4,2,14,7.487071602246171,9.087750354709929,137.72082355541284
2741.0925962618885,1,2,26,19.924581109201416,2.4795341589557274,89.20323451836671
1428.356204277267,4,1,15,22.691041370592973,8.236983214550186,114.59090665154292
1654.2262560722395,3,3,0,24.38963565783819,8.127649130200442,127.06563310513766
1581.600705397281,5,3,15,6.19109652536309,2.144630702951982,115.94339551532431
1460.5565005223193,4,1,4,22.091789867545245,4.5870330172971485,100.5852618727665
1073.8923021438618,5,1,2,8.542249687294758,2.531373770300652,84.23352024656447
1503.587688197307,4,3,19,3.264593340663668,3.2924845041179402,116.41117280169713
890.8699141849713,3,2,14,21.81561067524406,3.369215573474899,54.39204721468607
1105.2725573039966,1,2,12,16.084588048768655,6.006127546231955,67.85476481045404
1005.8545808683587,3,3,23,4.535906953986013,4.702698385844189,89.00649270950365
1232.749655754529,1,2,15,11.030865809068562,9.529595236056748,91.89269721334959
2125.8634266694035,1,1,22,7.537813524488158,2.137331277523046,95.44747986299888
453.09392296330077,5,2,10,18.551466933399826,9.763229213651789,102.47163280320635
1474.5040761498053,3,2,20,11.608697650294568,3.0757477619283753,91.31872209489859
554.9136515241394,4,2,1,24.73735865510643,7.955865427436677,90.53255015746777
1011.2272536842266,3,3,21,1.8412520653600803,4.050729335555393,99.12291901110738
1635.5802387869464,5,1,26,9.197874020338043,2.2877325587558253,99.8392754572559
1225.712007638185,1,2,5,12.306554094194446,8.721002667216158,115.47878731005353
768.9020888282776,5,3,25,12.826772091333835,3.779748093128169,76.20627472123273
913.8785162960128,2,2,25,8.240427648448101,6.92969863804158,73.21852489503812
1471.8390995738703,2,1,29,18.366386102890417,6.09799316577964,75.43905020485685
907.8533473131454,4,2,26,21.931303300479883,5.245806784517869,69.34649809459619
1286.58343583279,5,1,5,23.498622898457644,5.462375253836852,112.15358144272602
1218.2287359615254,4,2,13,20.224787731588393,7.590141226830588,107.70309803985641
939.3598609576732,4,1,24,21.339214834011685,1.7899562271109652,39.81461833212153
2057.57763573013,2,2,10,13.98835986518989,7.013625957621146,147.4407978899179
1453.5676089272044,4,1,7,20.734261547456956,9.06230891258721,114.82474992952588
389.9429653369572,2,2,7,7.93584577412483,1.5200937731787774,32.20733807447534
1274.581725907771,1,2,0,10.262729671675753,2.265880053103001,83.7784574042727
935.2854140926448,5,3,20,8.264368838554336,7.449687430318282,130.000383582114
1540.9733339184895,4,3,6,11.950989718474172,4.935534834201558,130.66127148313552
882.9917046269197,2,1,5,7.496700597846591,4.631937587323195,77.52931198004529
1154.1054234132405,3,2,20,24.059480335233946,2.232699710898123,52.13264455517842
1401.994911592183,4,1,7,8.16469338613887,5.560930366460092,122.44229042143624
1546.3020776680487,1,3,18,2.9020911837180257,2.138907800767395,88.56947224729143
719.8814371776896,1,1,21,13.407020568235128,5.289584106794863,38.20749379976672
1066.1995056636206,3,1,20,1.898927421906821,7.8725376906549105,103.46354084554032
1010.0218755356175,2,3,23,3.208307574560223,3.3243792209844716,67.20772266209258
938.6683069705152,4,2,19,5.875040035308034,5.327075513617546,94.06140376805543
1906.1816961124387,2,1,7,11.876581122112471,9.928143724571521,147.78985711029472
1361.9926843843823,1,3,25,11.114647841571184,7.179853810186335,107.10628183771189
695.646418265982,2,2,13,20.092450619068384,8.572210941746787,69.44723672404288
1567.1447788219104,1,3,17,18.617129020160778,4.733628459044912,84.53651693863462
2048.8624788050533,2,1,24,10.944798202772182,7.910748308132698,138.4029941238026
1612.9861042204589,3,2,28,8.675753085602933,1.3645825564718965,96.40168112969164
592.2520136183946,5,2,15,8.253485209506715,2.106200642880205,71.18205003789024
1006.3063708534994,3,3,8,19.46287963870322,2.8276353362805593,69.46563776806133
1706.764459674649,3,3,14,1.7757739524211087,4.617567321536976,126.3947345335081
916.9322137524878,5,3,29,0.8141304130098428,8.611703904931868,109.01068203395906
1377.5277712584914,5,2,25,19.990837602202877,4.116394457091374,85.27596493377129
1509.8536213717348,4,2,9,12.190086211731709,6.891590741639166,130.27735334551386
829.2278113687669,4,1,28,3.7065878945626114,7.383828653231351,90.3224310293929
1176.18985757528,3,2,21,6.2713653975652806,6.275641186795073,105.24401602653991
300.0,3,1,15,23.346346850885872,4.215177713531226,26.21382776549097
790.244943466284,1,3,3,21.55782290281,6.193480075421898,61.64405705204449
1098.972739442736,1,3,19,17.889733730487325,4.080390335107716,62.999188883747216
700.8867272140602,4,2,12,12.3145181432645,1.7548636469681087,79.73378479831169
1852.9645215726541,4,3,21,13.24792884168895,9.93523580367413,154.75851034361528
627.9434488157469,1,3,4,24.393491114456985,2.1446420826925983,32.76421852627883
1023.9822053212065,1,2,21,24.161375875165035,1.6511354545245163,34.96776556610479
1252.2962309144366,2,1,6,5.77409162175294,8.906776742864404,114.49213376967842
1776.509315626446,2,2,22,20.372061874480295,3.716511948036056,96.3775769351131
625.6551395282243,1,1,8,5.332445321091912,6.852672766661568,56.839262604485775
1665.2655008619838,2,2,7,5.731668208156809,3.9610515669600956,108.96343895261272
1204.093224407835,5,2,28,17.064279337032133,4.523088437150241,85.95582333674703
807.3965395808196,4,3,15,10.422526915394936,3.3590167481511686,80.18917443359884
1384.8413897053083,4,2,5,23.322837974109746,4.087396052137092,81.0829828807104
1279.623878229388,1,2,27,2.6807385049522163,4.696303605278888,89.7659291033419
959.9132491364821,3,1,15,13.032378199832579,7.483744621831086,92.7734507819358
1227.9208339960076,1,3,5,23.003777495856472,5.603825748113126,89.25751058746435
1045.874561255296,2,1,13,22.650784681747876,9.492086954412793,100.34022126457859
1245.4069381004992,3,1,20,4.33496572868566,1.3769235445489796,66.1783843806971
1464.8522698084187,2,3,0,9.482623652363184,5.527614903688254,98.75006117489016
1834.4067264581408,5,3,24,15.668474301144059,6.258023099485463,146.26520072853089
704.8738004692605,2,3,8,4.405174676899353,9.281772874668466,104.4326872954612
2053.2133498625067,5,2,24,24.2165432151206,1.4424267125928483,93.7239611942487
419.16488019099927,5,3,26,22.91135855382768,6.161496264416944,67.1481641548275
1139.2859619857666,2,3,23,4.590279386344495,8.682669356751614,130.16400462331384
1435.3268825938305,2,3,12,3.468308800894143,3.177349553073129,100.02058451298151
1312.396747094013,5,1,25,2.5925078288025,8.886631136715437,141.87556150337875
950.9201920717625,3,1,28,22.781369768897463,1.1713906834686263,21.182086673608367
1116.75109985709,5,2,18,5.24378333998879,7.5920916622035675,111.61974733520746
1002.7996261364669,4,1,16,10.698980749336691,9.398018990517878,120.18684397462818
964.2540972223154,5,2,10,11.496858458474074,6.91477895476056,117.45246332786479
1539.84083880841,3,1,27,15.175770583232405,4.951263195824032,84.46386954417115
1342.806194386019,4,3,27,2.257515921811912,1.4039291482544622,105.19058899492649
922.8361618957383,1,1,7,6.055586126312641,9.28102431990366,83.23115809589977
1559.8399501733002,1,2,22,23.321514479513688,5.232666004224173,64.16273580035096
1322.9198083506437,3,1,28,22.756047628079955,1.260970699023532,42.04701765820391
1525.1448475355842,5,3,4,19.64162086143946,7.208389641958857,137.26073489856222
1451.851536769445,2,2,9,0.9753305176462781,5.336535282186324,126.70497188679636
868.4019956311711,3,3,6,8.511665828154502,2.119107856981697,76.17232145399356
975.9275839212122,4,3,9,15.88498901590124,2.9284462837923364,80.68180024332894
1498.9174420493048,4,2,3,7.242160188450154,1.5804161241026164,97.68313526836712
1444.148106173386,1,3,8,22.784874028817544,6.168641857377162,99.94973542221652
1191.6393624143407,4,3,26,16.030291814894824,6.598265313268083,91.08388594264214
1246.9309533235128,3,1,25,2.261714574252917,5.551680685198999,85.51102919076718
1711.06595831537,4,3,13,22.770636926474726,8.353919197023535,133.1946538669858
963.371444465668,3,3,1,23.965283125317452,8.749079391772122,106.59340379844821
1418.8389524680151,2,3,24,2.4039542505972746,6.54061957014814,106.24558437995033
1119.1229390264423,1,3,8,13.542825754102214,1.114808317366875,63.05413127912933
1112.9275187091118,4,2,20,7.932424914247176,7.257066901729621,107.84141963934516
1639.510740794876,3,1,26,10.124557373794358,4.761992952283164,106.82262371780786
1530.1665395952118,5,3,0,4.901454839905877,6.090017349037483,158.55673746478695
1525.4038544002553,1,3,22,14.662766499304107,6.841725418169959,111.8300408807794
1722.1915228617318,2,2,9,23.97049415459782,4.152129528943691,88.90897130990278
1208.4015366531037,3,3,9,12.825278706654421,9.253886546546148,133.062822175926
1472.7811885179856,2,2,19,2.5314072441647886,2.2057738007480308,72.97761782029033
1075.8932973626177,2,1,24,15.690032670196505,7.043606265529337,96.78206631486515
1329.6665409953769,4,1,21,8.835463364055798,1.039236219609224,82.0194278933504
1147.9427782529262,4,3,28,21.470167144986796,9.321859948646628,104.05392636149551
1238.7983859970873,3,3,2,11.14961463375352,2.0125371991428236,89.76861131915885
1438.0628101747654,5,3,5,5.224570419085017,1.8539580713281718,118.5909057938333
872.711726706611,3,2,28,5.182087755933051,3.997068697470198,83.35622756431242
2036.954910274184,5,3,25,19.334722427668428,4.3620965743517255,136.82227949797627
797.5930474001192,2,3,5,7.006896158530317,2.9287006509059075,68.50906922912164
714.3245548849071,1,1,20,19.297218156900964,6.266094948344122,33.67399272661014
1663.2443494000272,3,3,1,5.544239113781685,4.986226882377672,145.87910716479257
1516.6650775851745,3,1,25,8.381316033182081,1.3075803013697866,81.74622247024207
1449.647926820862,5,3,25,11.904430824772636,3.8768685602977055,114.86101665700266
1451.338203705712,2,1,17,23.60829831748954,8.293896222158534,93.47368303566557
1195.1012908612342,2,3,22,23.327419906468705,7.207313813756818,80.0335974922479
841.0982514056674,5,1,1,5.568360947846051,7.523837682218924,133.9922023609912
1230.3218232774905,2,2,11,9.276366510455283,7.283052316751712,119.3573100498868
929.1353153951553,4,1,21,4.160285017117422,3.7987571924472996,84.93228933205786
1590.0478933671004,1,1,4,12.99463444318068,1.896975298690983,84.89917258056786
1141.1770473991446,3,1,19,11.784272492019332,3.452204656297864,73.61385339369119
869.8011212829954,1,3,6,22.568623980042943,8.486067701666434,70.21522171194664
1071.4456633388027,3,3,23,23.28513175588128,9.82423718004764,91.98037777539724
1365.1725817102497,4,3,15,9.897401079678657,5.444623132674052,126.39307890178665
974.5101788784101,2,2,19,12.547579603965241,1.0873031943073799,56.30932447310396
871.1118417734274,5,2,0,22.45778810408026,2.260403309208061,84.24612307663324
1297.474884596765,4,1,0,20.264341289754007,3.898725177846392,97.22992980692423
1297.986628443489,1,2,16,0.5895796279439073,6.2072681373365475,108.87590320080574
997.2227298515481,5,1,26,8.341459322497771,1.6758428122478257,68.65523017381545
1011.5846777526709,2,1,0,10.833468927435085,9.490215688388934,115.4335646085881
1292.8199749430546,4,1,20,6.128048950239177,4.285753059559607,95.90029954454712
620.7662634010703,5,2,19,5.3895045894505,9.213257961323407,103.09233904844895
637.0144902493779,4,3,12,1.4257204115941517,8.024696224813196,119.41954069616635
912.6223114990256,4,2,29,16.262558264209133,7.79893545264023,97.34754205353573
1114.6211393152612,2,1,8,6.931502116837558,6.460476218040088,114.99467628055592
1324.3630262392019,3,1,14,1.7825058715671707,6.641054353466601,117.21588726685106
1790.142486779821,5,2,2,6.158993107937559,6.742029116946233,153.6353163302184
1543.0638492808077,2,1,13,20.1468918444851,6.658492483230239,93.18503200500514
1136.0245880146292,4,1,22,21.361484950340394,5.983554082585251,79.70151793155989
1192.3935168389244,2,2,10,12.335123007235914,9.877726166346001,117.3099001001678
798.9882541448765,3,2,23,10.69373142501281,7.590615106831265,88.03269442139911
1192.594745603044,5,2,21,24.457415490793654,7.992517495532691,108.3767242755541
1084.5365444319448,3,1,11,5.413834159907712,8.852165335753067,121.83719358978871
1329.0874241352358,1,1,12,5.776302429937908,2.9407578645326424,75.50130273889661
869.1076225790708,5,3,25,7.650745837391794,1.7542374318555471,57.65200538010713
1407.738605696469,3,3,12,4.732554297886639,5.346049929387388,120.96254230474905
1813.0955652010311,4,2,0,9.794457156002572,5.6267262605734585,146.29015550074155
1156.495940617257,5,3,23,22.815438561248968,8.46263601954926,116.44174208214083
1360.6846888395767,5,1,9,15.57602209540007,4.994052213541021,107.41204011992681
1476.057596684445,2,3,2,10.59269044100046,6.137677229898815,121.72563249680347
1039.5118112456655,4,1,23,23.393064466994762,5.743638446621125,76.21812232561903
1289.6369927241667,1,2,27,1.6873736956576468,1.3438250538165195,59.191428946851936
1205.0369603127178,3,2,3,5.651766358595603,6.536934069372226,123.67311281783317
1239.0704394195327,2,1,15,14.364270824993095,8.45238957196827,98.79638167541563
890.7960864578134,3,3,7,15.581039268232889,2.4175049326822347,70.54687702333635
1209.8040697035772,1,2,15,1.469158910784022,6.348985605339362,73.39043568330031
1399.19931649818,1,2,26,10.374449568724739,6.342494900017729,76.6185008814506
1780.4574431180167,5,3,16,16.404272138356383,2.4776646765072288,108.37211990804927
1583.7083304340827,1,3,18,17.60272838688334,2.111172163576624,73.14129152993081
2061.272983004623,3,1,21,16.134427611648597,9.820467486788363,154.6920978883319
893.0609748447803,4,3,14,8.353798996842652,4.543472526877338,92.27669939533892
1548.9282546882714,4,3,15,2.791243028148783,3.0467955585117634,126.41943861270319
1273.3368022953407,5,3,14,10.964254937273685,2.5419209000893748,108.38059682970511
2075.921173287069,3,1,24,3.654483715517359,7.008415422249115,142.0007122605545
876.6806858579394,3,1,1,23.716779633756342,6.485007675945509,82.69235496542613
864.1112631276897,1,2,10,12.141686217554392,6.791969106886757,77.034347771656
960.2429418223911,3,1,0,8.272849771743255,1.7920542476030703,71.8975941671919
350.4417102760773,2,2,14,19.27444974241305,9.041811251485932,64.82004757777568
989.6979913276956,1,3,25,12.699740518265465,4.503397571281434,70.89015769393019
896.3469353785208,2,2,18,8.095833588305027,3.8203246578732215,68.9245515211123
1260.157514590483,5,2,3,20.393209688574643,5.1612530252296525,112.54652364196933
1336.7023903108638,4,3,10,21.74522769952749,4.510594591728655,93.10129722557195
1950.4683356863545,5,2,4,16.988700074072586,8.772193028252314,178.1447943806296
1580.16953527442,4,1,2,1.6506283489878486,9.363348776781029,149.45057948125807
969.2385377350388,5,1,12,14.374910564080036,3.7310789480464557,70.50381056467465
840.6341314606568,3,1,9,19.2007253439334,8.775422267139593,92.21188461238712
1396.7676686026023,2,1,10,3.8443237960477634,8.033708165797604,112.39752399772765
671.9067171917432,4,2,17,6.102433408922782,9.377269051102857,116.2892885123178
1932.5835063417414,1,2,1,22.121130074169344,3.2117528096729906,83.42177355148523
1671.7760482885149,2,3,6,0.9929821854003139,6.192632351088812,145.08858943712062
1012.3297391581181,1,2,8,18.941814876736412,3.4709012626640017,61.81792346391883
514.746188363649,2,2,9,12.107445666603361,8.416850414359368,78.87987387545964
1741.5489496661653,2,2,17,11.445917891570367,1.0479177151395782,66.525534415288
1154.184061898953,5,3,22,0.6738650461247357,6.083372465977565,111.24345456341445
1695.1265247893848,4,1,6,20.575256658679073,4.052830881447262,110.02685313559041
562.2289364822532,4,2,26,9.315710065595878,3.9041533637003822,56.88403424210506
960.2499908184909,2,3,6,13.748757966863302,6.804156914784253,99.55632379452567
1202.0974798872733,3,3,2,17.093866815223656,8.663360043825946,122.4161763457647
1218.7922375058968,3,3,11,17.714424622728938,6.482758522539936,101.44344721771158
1019.9738114083025,1,1,6,23.92151144123877,8.678556807820502,58.05380804314022
1449.1399729389996,1,2,16,13.517828854296923,3.3813740069292697,81.05760669285523
772.9518282469622,5,3,25,10.293128998873476,5.67551669288483,86.29100815170285
1143.0482059914825,2,1,0,23.865738849046846,5.054828851603684,70.9416083706288
1248.1182526847595,1,3,4,16.231700758125267,1.104804095527866,54.55787268935785
1405.7755336234995,1,3,15,7.804683728775613,6.011309288266661,88.63884575652393
1484.645951235556,2,3,14,3.5983740123874934,6.953718917315574,135.79043511994942
750.1431632648523,5,3,1,21.142585285896942,6.32722963977163,106.91261940211092
586.3543317057511,1,3,8,9.373449268456714,7.6265190890507935,83.99288494174856
1711.0707287594037,5,1,6,16.681508173428565,6.142055756077694,132.3006225777301
1332.9256047918366,4,2,3,12.035002274464505,1.6007522936568122,80.84078368048974
900.6053853773785,5,2,19,5.37377960497844,2.0480097167624027,97.98312316328477
1820.4607902090092,3,2,17,15.241321911201394,6.368271197895572,125.61910950344435
1246.2698537171434,3,2,20,1.9867351892917169,3.4748127277627616,93.64125115731393
1671.7188736255307,5,1,3,10.62689026684421,1.7168061613128924,112.50285378243656
1227.0073925640436,3,1,27,13.89206602175994,4.86642469103692,58.78695156199064
2024.2991699527947,4,1,12,11.183150865905187,5.988903382752898,150.1395717635207
1902.1363369772816,2,3,0,18.842468293649276,3.958713895146459,109.27582852725925
1100.4143406083706,3,3,27,20.784161386360154,7.4839033200320015,91.25362488683454
1588.628380381742,3,3,23,19.395455313812864,6.793935472911202,115.74401526705867
1458.150379834059,5,2,2,1.4509172213891517,3.9953652498250474,138.92111890080122
1747.4526230129395,4,3,15,5.2561548759263195,7.793852760177045,157.85088706818806
814.0306157679582,2,2,29,13.64688397696247,6.838255382797319,74.85360724917344
1474.4205839993756,5,3,21,23.40313999087313,6.737008408461119,110.5478854470271
1623.369794739835,5,2,3,20.956440988776862,5.980849307083613,132.70502813961005
496.50420543075427,4,3,24,21.14209545461914,1.1025070127969752,29.586373538184123
726.69659493369,2,3,22,7.928600747112035,7.268564651292002,65.48189340065679
384.30712889595975,4,1,24,11.021473478428213,4.3843761199824085,50.464975985034854
1092.237266222177,2,3,15,12.032295709240467,9.4834873914279,120.6228512496743
1487.0169023183848,4,3,25,4.355603792072805,8.361862939694849,149.8708869614266
1800.942820838411,5,1,18,1.2611691909891798,6.28925022578181,162.72434293759818
1229.6379121679101,5,2,0,23.699121036782664,3.269637836373425,82.32283482494336
1851.4462182285167,1,1,4,6.397458348755915,2.8334565394989992,115.46789062182006
647.9594167140434,3,1,18,6.378748141228967,4.063463539097942,61.96317533212789
518.6470242579381,4,2,21,2.5427868173346084,5.289111492220167,90.02694092308637
1177.7809204413525,1,3,23,23.248439922622573,3.664589590350524,48.53129178125349
1353.626179575723,3,2,10,14.703559316024414,5.634365458532345,98.82869582251323
1186.9221007623628,4,3,12,16.84240299957117,2.488333829618673,75.8084333027178
373.02315998404936,2,3,19,22.833633737944787,9.7994153154295,70.18999413757476
1164.3519841948846,3,2,4,8.967694138069342,1.9713209946849448,88.37834085545026
678.2121997980587,5,1,20,15.72692912288306,9.387497256889349,88.03614108694646
1467.8690195320155,1,2,3,1.4505866408577428,9.222202102624253,117.93352038955292
1346.6392984387394,3,3,3,5.075926941662669,5.728244336375482,128.79908399258812
824.0480854690579,3,2,3,20.865522224703593,7.52419244652476,93.02205479116971
994.4532330653226,5,2,3,19.285824730289225,4.92443468175329,90.85840180830606
776.3145912444194,4,3,19,9.0907459407001,6.670311197881944,86.34450135748273
1174.9283610907312,2,1,20,9.731860380468206,4.065183436790068,75.83158984643144
1582.0569282004953,5,2,17,13.572083622062697,3.7104311780690082,128.4197980775602
805.7095814657825,2,3,17,0.5059046147857964,6.2040680755256234,86.31433249010647
1401.6186062071379,4,3,15,6.4104862329316825,5.483167067655823,116.24214474395463
987.8969526510236,3,2,8,5.601679310901254,6.2158273223498295,105.01917934031817
882.8508670950623,2,1,17,6.636832195369204,3.5799452315832068,65.72578629311856
1157.187856018177,1,2,21,20.244693142069313,4.302620486352957,51.88122390131325
785.9030710322504,1,1,1,7.352009485387858,1.7550816456601837,65.47444535588257
978.5402778611272,5,1,20,5.19227239022863,1.4704873504498515,82.8399907153089
720.8488429644606,4,1,3,12.854454789429273,3.2811141670571464,68.24937154017512
1985.8900531665558,5,1,11,21.70830339113193,1.668221733974912,96.78455494876053
1214.1054207886914,5,2,6,6.413067744018747,1.9339723777126663,114.2982712114636
920.1097968029658,5,3,14,2.424137948423568,8.316355648545434,141.72955909901836
1285.5919642936888,1,3,6,9.231916028316785,1.3498632731502038,70.65049583844294
1155.0687801236681,1,3,28,18.817469701841958,6.930485145412685,74.38464599673118
1111.6121601867108,5,3,21,13.991918345022468,3.453019739338605,90.94660445054659
1445.66668001737,1,3,25,20.51143755457151,8.843911126373138,100.66953334240642
1503.003084018922,4,3,20,24.010007616426233,5.364930561197496,93.81311675927154
987.799540955789,5,2,16,19.92023068041462,3.7501881339504317,70.90767836960077
969.672703742128,1,1,15,15.293175431671958,5.6587504212049105,66.72287353970306
1089.9793211393423,2,3,27,12.586868907283321,4.437622171407419,77.47147853905172
300.0,5,2,18,1.4816926155325334,6.078709582028472,79.86789014855896
593.9235751205791,5,3,8,24.61588848094401,2.030795814937134,51.97930098522785
1746.7497069778099,4,3,13,9.895287503088541,9.97291452531296,172.34741057933053
1857.9870854005135,3,1,16,4.229591240963236,4.830002899270458,117.99182659496856
1100.3855841774487,3,1,4,16.83436695721319,4.134075757366318,80.36385553141338
1430.6227852223064,4,1,1,7.465063082838753,7.391888634846384,135.39996161769434
1324.5000618174145,4,3,19,14.851567637810666,4.275094658457992,87.49594200434343
2431.552323382095,4,3,15,14.875813742192484,8.499468745258818,179.10260466974555
1647.8299645738307,3,3,13,11.420380612120294,5.088436519243827,120.33376641397427
1148.8329634076933,4,1,13,20.984906080853545,7.476025719388915,100.85328059746828
817.7838237598297,1,2,26,6.991693008108355,1.967078947976979,38.67856110455047
557.421471896971,5,3,0,11.491498494634486,8.615072669996007,135.07010333708533
1281.3854543468892,5,3,2,13.673457150478802,7.621461881002989,149.6763940016392
897.4597018862787,2,3,25,16.758805658798842,2.905451006157691,49.01829783490849
631.0985161609303,2,2,6,19.707310337386943,2.30757408771208,40.838018019446324
941.3708463029893,5,3,25,10.172778430517273,3.8466311385306193,102.34309446020382
767.380798554242,1,2,14,16.328150130366602,9.784635274287139,87.35086971226576
1874.8566540290258,3,3,18,4.189968350178718,3.311484171103528,113.97746955375729
1552.6559027797803,3,2,19,23.349878463290725,5.105144880519699,98.8721165347162
1196.810943473353,1,3,1,9.884940757314586,1.2701820314560268,81.75806439273909
1791.9776555560102,3,1,18,18.37327483842274,4.575047766096093,113.583087896696
1230.9473230590472,4,1,8,0.9983565061133524,6.141880138897925,118.43394911084873
855.4863194686945,5,1,18,5.527085001167771,9.578121512571686,116.13750748636829
1809.2496309078629,5,1,26,12.43352233592766,5.650624404460579,117.06523284292547
1415.5640174738635,1,3,4,22.01718545944249,8.37196593559919,109.77657356327705
785.1015382694175,3,1,17,13.41775117379159,5.924148783120105,76.03610117194009
1123.8645287665568,2,2,15,23.281826816200038,1.367065120919663,40.731468847152954
849.7526986460971,2,1,3,12.35302396627851,3.835074476707966,63.89116715843466
646.8801076142656,3,1,11,12.516002870030773,6.179945570479929,54.94033245653209
1570.4710190126566,2,1,28,3.433796318263031,9.555345693380119,134.5583068371558
1963.7666561880521,1,3,6,20.165077981729386,8.7321732377611,122.2446344049529
640.5729704723435,1,1,13,6.550652605443031,3.055200527609629,44.89444172792403
1425.1876946762284,3,2,22,22.54050598962172,2.9809884701724716,73.27680856089782
939.7429723512691,2,1,11,22.815193398094706,2.8105567040251067,44.34000565049688
1005.1498464941216,1,1,2,23.61109774091667,9.302490066722529,84.66374123018815
963.0424303044523,1,1,4,13.245646983025704,8.673995377915485,81.19185584577974
854.4036921280735,4,2,16,17.088797727199285,7.973950890276539,92.36079258122744
1219.4086511779308,4,1,25,19.573639061510757,4.534616028018048,83.34432381531963
867.6199534355849,1,2,9,3.709858156936407,5.5394263386889016,88.74887015190413
1308.1827303119355,3,2,9,15.223451277438683,5.178985703156376,95.1067880414494
1179.9047562203452,5,1,10,1.340298581931136,3.280582968034354,95.68749729598899
1104.4207812534362,5,2,16,12.690369043023784,5.5452524153389025,98.71261598643314
836.9745351833608,1,3,4,4.293645699695571,1.2744689306747903,74.77986958648835
969.2914677726669,1,1,12,4.9816116860710755,2.1862933614771327,48.4047862754497
1502.1564903303024,1,1,9,9.443665383968737,8.979306365520518,115.162852435146
1400.3668750497523,3,2,8,11.094710584554324,7.7651179032828095,135.2208629916291
808.9779020805795,4,2,16,15.767724401038587,4.805815681531784,71.3024623588736
1239.7329221716905,1,1,0,2.3234962517436335,5.654353260554895,98.60162244178167
1500.5548493487156,1,3,3,12.840448150317394,4.329989973639797,105.05235660820058
532.2378875514513,2,2,3,4.974315691200977,7.667018804446052,101.2780938772865
1417.344076951974,3,2,17,14.562391788277676,8.057684613088716,109.88730607787808
934.9504964216613,1,3,8,16.116413000398996,7.869566711828432,97.68723896243601
1428.2394674372638,2,3,29,14.13937678554492,7.5035055235100465,97.87232735416868
894.6963373829933,5,1,24,18.58824000671854,2.8405390482351622,53.71125181986391
478.0471597341924,1,3,28,8.722426483902083,4.041729813164309,37.89204072880247
548.9830248467349,1,1,28,19.245111495011706,5.2286089148530746,14.321211351058693
1219.2339786645528,2,3,17,11.102793501850744,3.9771369228489006,86.58108982648042
1303.8890006885927,3,2,13,12.362520208903621,7.79446180142496,139.40393567792842
838.2733499582366,1,1,24,16.37850211789625,3.964181718249592,44.49799503817225
1455.4369835109496,5,1,14,0.9497804079809871,2.2440887810680343,110.78026335250276
535.391975092416,1,1,5,16.522858424796084,4.5913640684347365,49.23100844140731
1173.5680805410734,5,3,23,15.655336152266827,9.819229895041422,122.08736578293853
715.5935200950173,4,2,9,8.091254360455359,3.032932716402183,69.38040238212508
939.2655568791363,4,1,28,2.6019599800374924,6.509427930489061,92.1838474647604
1218.9594685265656,5,1,14,2.727918522869508,4.896757448557357,115.46246814639487
855.8346538864191,3,1,28,23.1189818011381,1.6392211088439397,16.858685362908624
1046.17778230807,1,1,3,17.38734337003301,5.390889453982536,66.7067049468353
1602.5171236857761,1,2,17,3.6140140373831398,7.3194789578348125,114.9366177321206
969.2432521907405,4,3,17,9.239717648068206,5.618979782450369,111.97794264831276
1534.2768448260567,5,2,24,15.015833350589112,8.84895457371923,124.57042130810234
748.1172581369527,1,1,16,20.971506774720893,3.600433149918244,19.213679061322683
1411.9216711661131,1,2,11,1.569692753468709,1.7762425417356842,82.91597068956328
1776.6274482631602,3,1,6,6.297511721015217,9.429090504922055,162.37277695797542
300.0,2,3,15,22.29885026223681,4.403767145753971,36.57672667216378
881.2418978118093,4,3,10,0.7245559795035039,6.1876499630827,117.33373315200718
1430.828850872216,4,3,13,5.434278018450241,8.128028135171764,140.92546923812776
1118.7818455828028,2,1,2,23.996092311337666,3.918822974880225,69.87164956126092
1348.4583493485236,1,2,18,15.528345239793193,7.4454808435985,96.93461025305639
958.4059253136718,3,3,17,6.910948482618908,2.2187696483604524,71.48925942065785
1234.63591498916,3,1,29,2.1412818126982662,3.621643724849547,72.92994426688011
1137.729105843168,4,1,9,1.1906878409569428,2.302395725228679,85.84638194234383
1667.112824663923,3,2,5,6.496254451104718,8.30107502561222,154.06089614660553
1301.7683373204852,2,3,12,22.096402579928306,3.003843117041068,59.13276421697382
1335.0410648300808,1,1,9,10.689884530288982,7.456631998646893,111.2052518752651
1035.249213551013,2,2,17,18.148167544566828,9.489685575210872,90.4975214596238
1004.9575103710026,5,3,25,22.997983366808967,5.749949881619893,89.60146265867763
1026.9767248721516,4,2,19,10.496991309269006,5.860262730346189,101.1928198940179
1357.7808569513188,3,2,25,5.186295590416228,5.149302112880308,94.30291081135904
1031.606207671895,5,1,15,13.169389305994528,3.933011290542785,83.53789718005659
1315.9099427585652,3,1,24,22.748050332966432,5.280895278324254,74.45941871008584
2030.1603194581755,1,1,24,20.207173146373666,6.425267790400834,92.63044678864965
1548.4498813726768,1,2,5,2.112831162397268,9.873924149535934,131.84725805744876
1069.5905871328634,1,1,12,17.468033601900753,9.439881033864019,79.3869643444441
1680.485568865578,3,2,3,14.511489300244367,8.759376624638096,152.03749347520804
1036.7698507913794,5,2,22,22.732847820487425,9.002174821343726,108.97167360281219
384.7501859288584,1,1,13,3.500794712832282,5.210642649628387,40.63132413815943
796.7654756330384,5,3,0,13.583884773514086,6.916998944597183,123.03785399272569
451.6832315896577,3,3,27,22.046835991041362,9.055600506425927,59.70110329617746
1059.3946063834765,5,3,19,10.545582775172704,4.536556884922177,86.434101653323
1207.3673516758206,3,2,4,12.308875484455243,9.655862305109219,133.87052600400378
1870.5749249101132,3,2,7,2.226286602840478,4.742074558622647,151.52662266376166
1330.7709495056652,4,2,11,7.314519190998315,6.409743988538941,127.23005100194271
1112.3597884764542,3,1,1,8.45041290463921,7.388242419451347,97.34645390110079
1531.7622324733957,3,2,11,23.65549999424973,9.555328117683445,122.88622597253776
315.545876396846,2,1,4,7.425350333258397,3.2015464664703943,40.10179883874667
1294.2458232434265,1,1,21,11.791284014106473,7.71517880414778,89.60829135506424
1508.3460775547867,4,3,4,16.946958377324854,5.68734027529674,118.68511087400566
608.5655016880634,4,3,12,4.473492623992996,3.4170142655857694,77.25152401993755
1657.5016172827716,4,3,8,12.417838484975926,7.989461558167515,136.862272080577
1335.3985629977656,2,1,9,18.594206467159736,5.970000521564619,89.17405696322656
1033.8848344396795,3,1,0,21.73795271916312,6.948764385847082,80.06869324769202
1453.112746442514,1,1,29,15.843352229229454,3.906109617201109,63.11410450382792
2108.2771431217584,5,2,2,16.891811125265225,5.331465566448445,148.98671397682716
1272.746502023398,3,1,29,3.5939450783219393,6.556188258892604,72.96667172004983
1299.2882345201344,2,3,17,23.671524182535506,4.6441973284285964,81.6773906497281
1016.2556401839024,3,3,11,3.748064898369818,2.7853528586293117,92.0982632357069
860.0622522140833,3,1,28,19.47948696095406,9.654764430837735,90.67953996368087
1532.1343266176982,2,1,2,6.987999883568811,5.603207860383557,96.85874394245596
857.5664696364531,4,3,25,23.373032020680665,7.605283332589305,77.93815638566836
1228.626494887757,4,1,24,18.139008714552247,4.699424742004523,80.57067394900842
1008.9370212939533,1,3,28,18.96843596797004,4.196185876231447,52.99080519834306
1391.5919302985567,1,2,29,5.866949739967141,4.664478686204125,66.66509779078376
1333.4648421147792,4,3,8,11.35447942756144,4.682769794070849,118.52884100833413
1615.0159777031597,5,2,25,15.636423267437516,5.897621043477582,114.72352206770758
995.9934404581012,3,1,1,19.364353646061723,5.891228829832269,70.28922411644018
1092.0500258826514,5,1,29,3.0470047098535447,5.474384342945845,94.12670367415687
808.4945136870771,3,2,2,24.077950253135946,2.213072064256943,57.28216229060786
1022.2826959695553,4,1,13,22.31040642858662,5.46467930650478,64.11192486442431
1350.9201972179408,1,2,3,7.123540467141817,2.5219351037858635,88.0711856538224
1502.7954466581407,1,1,24,20.657625954292133,2.1352220766618863,51.715000433651184
831.1338703289498,5,3,18,13.198936114475675,9.393811456070509,116.49429694669442
1547.842368042264,1,1,12,11.814258798269456,6.444550118329338,84.46151663408058
1742.2551435219802,4,3,6,8.203635592379433,6.935410523121258,139.92999129888815
1365.3739612894803,5,3,11,14.733730372474016,4.616143033000274,114.4703568480006
1950.7183250232265,3,2,2,18.382283383738145,9.180828027233778,144.20903255388222
890.4843203585708,1,1,22,10.567856171587577,6.741374406216989,60.568544603607435
702.1381186754331,2,2,22,15.915870228703156,7.922528825712287,75.68180127901081
488.51190043828854,1,1,8,17.63316656830494,4.317062221249424,31.141439225926177
1798.4177245956732,3,3,1,17.922484516874505,9.640106927372129,153.05889824893933
1461.746262541623,5,3,28,1.7731694042139161,8.384151611424835,144.15846599254684
1177.766131635818,3,1,21,21.563821239284138,8.685536167130893,99.54332288697653
1311.987450527928,2,1,8,11.727206211743674,2.5497484068317884,85.21223736054046
749.8043810806494,4,2,11,6.929194001557254,3.4386688708409756,82.63364726919447
2178.3007918467306,1,1,11,6.423230433252199,3.5706393971521937,117.03222763530054
1251.688472790091,5,1,14,12.333845764676786,3.4381830092218406,97.79096533212068
1243.7579178419571,4,1,1,22.2273727169895,8.698673458938591,129.1119150141569
1490.3066495594767,3,2,17,9.76951575122485,1.286963156877329,87.27218135066838
1392.4036926946853,5,1,12,18.86828079619681,1.6848999008269687,97.70513989883884
1289.5536097116526,4,3,13,2.8720589091868556,3.4652338356691335,108.62216594411832
883.8102178218753,5,2,4,12.163389202701014,2.798856771844993,78.08398123220155
1388.5873428543982,2,2,25,24.796310439622022,3.0867365249456356,51.89880117884956
1952.8097985900135,2,3,9,19.375726168412257,8.181488703279701,133.01212630811784
1738.168018461991,1,3,11,5.657947966795018,6.068139345028422,134.87308276269647
1837.2746506557587,1,3,9,12.785316105598811,1.051935951636712,95.33790561889894
995.513729427526,2,1,23,6.223806709389881,4.863904891337757,64.01332692645643
804.1580718965677,5,3,10,10.534242717931477,4.67096434165323,105.03909743920873
1149.6852319601408,2,1,24,19.612058581506638,2.0255074250008915,41.11776080166785
1222.2899649154779,1,2,1,19.395007974614888,7.085276097413114,104.51710897275304
1637.6766073883794,2,2,4,6.088459258608435,7.31887469541542,130.4329344371271
523.0141481140722,2,3,29,23.094471294794072,7.488038971468879,36.23939088356494
1811.8201277842454,5,1,6,15.017920477738256,7.556238510027328,147.55382370516364
1136.7968405684041,4,3,5,9.808145128569356,1.0004754423906712,85.72370166902061
1029.247572021032,1,3,21,12.797421729131086,9.5852872346205,83.9251448901256
795.1582498959331,5,1,22,15.324245709224721,8.327878903491968,99.44759387342557
538.0573312536923,2,3,2,14.217318030221742,9.135835269303568,102.76456052850784
1529.2682335847658,2,2,12,12.416923370636367,1.1407896577669072,68.18162582336934
1229.3271868753616,4,3,2,12.870853700190303,9.404729162071654,149.48475708497023
684.0156401035784,1,1,25,4.822091805483211,8.288096758192943,62.86972756866172
681.9684911745536,1,1,24,20.411956155464644,8.534972286628287,51.00631998308087
1065.6861202839486,3,2,29,13.773127838554876,1.8395864624977167,52.227462986310464
1867.608610115757,1,1,23,3.7114566117652257,7.649002260267379,119.88496616214367
1096.163459454558,4,1,20,19.27084898877806,9.639250206778819,108.8224995055548
598.7428187527576,3,2,5,23.344877470245095,7.106926072763446,63.37766919257877
1101.7027743656222,3,3,10,23.709019031305573,6.135052641621458,99.28251873146489
1090.9105721009319,2,2,27,9.540934444073732,9.510667099740973,103.1341990638334
300.0,2,3,25,3.820163402238474,4.9864340956099245,56.51907070169119
1178.282053392875,1,2,16,13.200790852510096,6.393642096794308,74.50306833703219
1107.6261879165288,3,3,9,3.2589261190559067,5.287044641449295,100.53654407377451
1478.4825459253673,2,2,11,23.382691753559122,9.395615992242693,121.50788787082196
1939.582437978138,4,3,16,4.997700870201077,1.6847625408895652,116.3305499432019
1650.626011819103,2,2,3,6.69276356880352,5.5100773074281335,124.10176002366774
1092.4445237780678,2,3,1,10.462594908681776,7.182571972468945,118.05228816791212
757.3896365033319,3,2,10,9.887529479698582,8.127158845800132,95.96603558897355
2229.343921299944,3,1,6,19.96924086374828,6.247167826997227,147.40101088821996
1223.6873736057953,5,3,1,11.679762103498577,9.180259697093085,148.15930904027033
1205.5717167651785,4,2,25,4.683822370081754,9.477923021954846,117.27833455181576
1190.3499651559987,3,3,17,7.046642439408815,1.5788730087422516,82.97639588605342
1279.233904307142,1,3,20,12.97327793709429,4.6213348558723695,78.31196957425809
1142.255835230423,4,2,3,4.112620976940304,1.21113119549039,114.8369645364423
970.5351972479054,4,3,7,15.485564053327344,3.9647499163699864,82.71903558147869
981.2564235038432,3,2,19,14.360809010503075,5.831813961735419,78.69967517284695
1186.8986919136007,4,1,13,18.010206751365313,9.19715437458954,107.73419432054112
982.630091546494,3,3,11,23.47376307679451,8.618988902188626,96.8238951879962
914.8616869291343,2,1,21,22.850236746978315,2.1474975400478717,29.371057596473356
1242.5720910767586,5,3,20,23.67885264268637,1.8372733726680615,70.54636258675478
1098.009113031658,2,3,26,6.495532127080673,6.303406048810003,93.38210870436293
1801.5971954330753,3,3,29,3.7233500126641883,5.789061752129044,125.4250733153499
300.0,3,2,17,7.905779162162989,3.397398772870215,55.561321385697056
1636.6027407689846,2,1,10,22.42958673277471,9.095077760984516,109.11362883487254
1698.4340769990517,1,3,28,24.315310128275463,9.346297685153981,118.81993199249644
370.6439070367402,1,2,27,21.553461301226662,4.623502945061464,17.162831976551285
1062.9249623678604,1,3,29,3.195434167624818,9.012723014021683,108.04410790621483
1051.4236536016833,3,2,7,23.711985952464932,4.455540048366753,74.9165492843013
636.9953221128715,4,3,1,10.872271670094257,7.6313514864673015,101.36093721092213
888.8733249636499,3,1,24,0.7281021236776651,5.283479957929517,78.51828946125508
755.7696618136686,4,1,14,11.338646648330743,2.103248408564647,47.72860356830459
1900.908177369449,2,3,8,1.628694657048956,9.351407811133194,163.40261233041755
1574.2713572589844,5,2,18,13.82500906844738,5.086869340397829,121.75015924595904
1708.6220379976635,4,3,19,8.794573672207758,7.610383362901633,144.1625858461389
1488.668825617294,1,2,7,12.099155873054194,4.30456432988163,101.3397538854979
748.3792915131083,3,3,24,15.522673838206368,1.169927907186112,40.67635630685564
990.1918934880905,2,2,18,21.785626847536598,1.904773228226523,26.29257361654156
1395.7498244911671,1,1,4,16.716588623562252,5.465975315409319,113.69720773396196
711.1488764432219,2,3,10,11.134197277715426,7.209679214137261,79.37386965964346
1485.1993720689552,5,1,14,20.575982414923946,4.012617939213511,107.76846135080527
1103.869840736746,3,1,7,22.68676237054174,7.259396132598853,77.37243141573803
1050.071676980161,3,3,18,3.434119177588832,7.287720304887604,113.42030166807311
1484.3839872813965,5,3,22,13.53235795004339,7.335423165950478,125.6146224187427
1377.705324594416,3,2,26,7.470543013689881,5.432696686184576,76.2471884414721
1055.613533672368,4,2,7,1.6529993479852114,9.233975351093536,135.06038194389518
1663.7319213456992,2,1,25,16.87939403029264,5.40276866182554,87.62875272931456
767.5746689600411,1,2,26,21.637884047751026,5.052386741469744,34.338632305469744
1446.3742427777056,5,2,29,4.491115034696154,2.794427371095643,105.20897389620494
1437.2405031873536,4,3,18,20.40413461178556,3.7688957862070285,93.24817113272358
1076.181424274404,1,2,17,21.40819547165507,1.3810104326647301,35.977590651442846
1330.4532088968472,1,1,9,22.901340845328846,6.701817642545532,79.76058725447106
699.5545694458788,5,2,28,6.999484682608284,3.236821695343836,69.82007946783413
1569.6108076827604,4,1,6,22.64685009715229,3.737397290369186,96.71444331373996
1126.0391454228043,1,3,27,8.35623749104259,7.937330694978891,82.51903264228358
990.9107917923842,1,1,8,14.032281329659819,3.944990648453085,62.77775675781693
1619.6036903347558,4,2,0,1.7374330353909122,3.1797630281182796,129.6118458129057
918.2625237828963,3,3,18,1.5750866650342183,2.5215197422033517,76.25022222102619
636.6154814545762,1,2,4,18.149143711938972,7.973725619637603,73.60943241298885
577.3483305904385,2,3,18,11.389759460455881,2.167356321910242,43.61276567149663
1442.4039805382558,4,3,0,6.77916319654583,5.083783842253181,128.69012377211297
687.8282590014868,1,2,14,5.1651306526103,5.56237104469475,74.93361028360921
1901.9176727937459,5,2,15,16.913860526050843,7.186509214171432,136.89492605018708
367.2282368465112,2,3,22,0.5098378286208269,6.699551340996959,61.25897695844382
1878.5825473160153,1,3,6,20.24433364532293,8.296486056506573,133.5687623366203
1284.4069868810473,2,2,25,2.4416153501832563,1.4027629053361435,83.29403820075963
1161.314755251843,2,1,11,5.1914955652489265,3.6679665230145746,75.61795090828616
982.0323652764201,3,2,7,9.962791684827694,3.5212070689784176,85.06591981138133
1359.6544457408284,2,3,4,12.379039123044539,2.314152150328974,78.47560754651083
1184.9461190300606,3,2,9,9.197380337441574,3.602604284707988,83.26946213095633
1641.3207528066087,4,1,27,8.3574480421152,3.7878878272861307,111.01540872324138
1245.691059464816,3,2,20,24.11594229579312,5.696960157347305,82.22483211110588
1260.1207045847511,5,3,4,16.21870219046316,6.9733403103363045,140.18886898090204
1054.5551151144577,1,2,16,1.0741074065010112,4.429904622506326,86.63594906287817
1177.221750511573,4,3,25,11.039309756885674,7.4752320818204305,94.86280201074158
1323.1207075568236,4,3,4,21.93771314372727,4.02548804721622,91.60046963043696
515.9326429373498,5,2,21,7.885676567061365,3.612553095832843,70.82528203932664
660.7258311577148,3,3,14,2.816630446972512,5.870692502713219,75.80014103448497
1497.305637609086,1,3,12,19.080426903952986,1.2134472427521155,56.72848452334534
1268.3461752511766,3,1,27,15.347338882433991,1.7181021127060032,67.78312313890146
1126.4066654589283,2,1,0,14.472656441749345,4.7617258922787435,78.55894055633794
1207.3735732261573,3,1,10,1.8126257103814942,9.486214402525809,135.75633498684243
1339.0326821446683,4,1,22,3.9422257399901746,7.493606018590812,119.66208975884803
984.0961278762554,1,3,0,15.752460207221288,1.7931391255050197,53.70071822443913
888.678109839075,3,2,10,5.591684115741478,8.616862115027864,97.66799251243154
1278.3381020390725,1,3,17,12.849716953836396,7.590706935473629,98.9162127125114
808.6508889539872,1,3,17,13.849601307720139,6.498518731323879,79.79772513415944
1363.3011022857888,2,3,20,7.445926161638015,8.382636645482595,112.4970382436644
518.9665583048638,2,2,29,23.736416310766575,4.6369886296866145,26.04051416274955
1611.6622549302574,4,1,25,21.140370617471593,2.9935094576846746,69.95910305018776
1389.0389929652172,5,3,15,18.198150937003565,5.608210501978834,111.94083504090312
1302.4118937255503,1,3,12,2.4108497270305227,5.939575800341264,107.4800236229532
1593.0763935782056,5,1,6,3.1001854730709764,5.844937348089209,149.18756579506783
1866.1897777850306,4,3,0,12.573142973691414,6.085664123320948,156.85234317148786
1605.748026007252,1,2,25,4.43747705517915,9.538344264152627,105.91134380304923
463.6503074673419,1,3,15,24.467503856472113,9.120210607866083,53.5690441423824
688.1692133057194,5,3,0,4.383745733671532,8.881453329030455,126.25759081017726
950.0725689217285,3,1,16,12.442961968867362,8.212751298177643,90.82599282136646
1210.4364200843336,2,3,5,9.420965892616882,9.490852965387568,126.2200661410814
1407.0636081876492,3,3,1,16.164967325625398,1.8864517751146292,101.96942735794342
909.7024747386138,5,2,16,3.6613920177909103,3.3861093530116557,96.42149335350668
1274.7067057908314,2,1,5,11.042752487038577,5.455503510891264,105.18617562458537
897.846827058671,3,1,13,7.23027330377502,8.618810438110646,96.4435593663566
955.3928788032207,2,2,17,22.249912354456356,5.546491403704592,50.63512067965027
637.3355612607111,1,3,5,1.4943499473000297,7.732312654074298,103.92269737098147
830.7067015556383,3,1,9,22.886323603158253,2.250639147240246,48.689690032860334
659.3261577534665,2,1,23,20.90835639454851,3.2717243167890415,20.863821187310855
809.6506988090669,2,3,17,7.790482552799979,7.585984855339051,93.50419454316464
1621.456718643136,2,3,26,19.837621039589063,2.4826060799895164,80.93812010896679
820.2404444672228,3,1,8,1.2647322282993152,4.162203411894341,83.91988830249264
2252.9528259349563,4,3,7,24.188205982188144,3.383796320322143,128.22751648616781
1397.3271603523558,3,1,27,13.401576093449838,4.148755248002306,75.56025995288462
1273.9344494779496,5,3,9,7.930385138603409,7.374916441701733,142.18505869319247
856.6568879275146,3,3,16,9.383288708569589,4.31062463028521,80.94446493101141
1480.1239517635966,2,2,22,2.1269311597821856,5.997369903471462,118.1355603207353
969.7448695048904,1,3,29,24.73906309402996,1.899386893489687,22.940683076605982
1248.8039258581446,3,2,28,1.462652656191965,8.24515923911165,107.80186412385191
2224.033815307518,3,3,25,16.545224517122545,4.328997630833124,145.81767268985027
1161.57604011014,2,1,5,11.34703022880823,6.836807431300082,98.0712357140888
1659.7093305142703,1,1,13,23.748447345623518,7.528506414956494,100.63392361124919
918.729429949645,1,3,21,6.526993637516481,2.8869482990053035,61.20690875295311
1186.0046038012154,5,3,21,13.536127186481277,8.96207486458015,130.59189924324517
1908.320254254204,3,1,5,12.317727110277447,6.546018264462576,133.54729864993638
949.2131768848931,1,3,25,17.720227879227483,4.858526275763333,31.170951532463842
1924.9794231987717,1,2,6,2.1662506828343027,2.6410166522039757,104.56490321138484
1483.1007741821902,4,2,11,5.247833685572194,9.48070844111086,153.15933876951541
975.0132896422929,4,2,2,5.756838092274821,7.795613837184626,102.38928944222599
1452.9630956222084,1,2,13,18.584693493621398,2.87222106459924,68.48798063993137
1589.021779850692,5,2,21,5.133898060005132,4.039396972518021,128.0715283432977
1448.7239848868785,1,3,18,14.550548215328929,8.28706832279266,112.72056033509823
571.9101120438174,2,3,22,5.7734736022733655,7.26109896893805,80.5596225125897
909.1451296700525,3,2,15,21.60981127705747,7.892058634441519,91.99924472226942
1100.9925457793981,5,3,6,23.583543634996143,4.970809919916391,114.1141627835109
1170.2266283599815,2,3,7,13.203077886084891,7.448286363779502,115.6751664788478
1448.2688390202711,5,2,17,9.131567663124867,4.478443505775223,119.05952878602915
1271.0804003733015,2,3,24,6.234415487928729,2.901366252443768,77.84855810776467
665.8622565159595,3,3,12,1.7196345373145723,6.69409331357224,98.38190297629566
1352.0791404023853,3,3,20,7.078251866838637,9.784125330389148,131.8504258468381
1444.2342981135293,4,2,8,16.528776608660287,3.7954087425579663,112.46910979802925
1423.916179172416,2,3,9,13.573614817075665,5.148726329912857,107.05704992815296
1632.3122902218488,4,1,20,23.62901131788272,7.066012339628682,105.44670188072222
1533.5688618195616,2,1,22,10.208792931046665,5.873556539102391,105.99408876813536
1383.6720316913747,4,2,26,17.499651887045665,8.590850161381443,111.67572929766882
1171.9337154165412,3,1,8,12.488407313140474,7.855684358225643,99.91886139874342
535.6156265936035,5,2,14,13.058117290143185,1.5246748347612133,56.295071083901256
1371.8472876530343,4,1,19,7.060470707800879,9.985791105313966,128.38224185753552
1283.0750748652445,2,1,1,11.646294032628992,7.771622083475205,118.08220393093048
1308.6315348781493,2,1,24,12.034232426811329,8.775129846647019,92.13466176678543
689.3005696718762,3,2,12,17.81274178284888,6.860779408858117,74.28495492327785
767.577383836695,2,2,1,23.545679980059788,8.70656615242086,91.24322314666944
1621.2611413331615,1,3,18,8.568371298321354,2.011446774358385,77.6457707794742
1184.177938457338,5,2,25,1.533911480241812,4.12964052003384,109.51430484105022
1472.6002789490499,4,1,1,12.659230574765672,8.887788492440436,132.81534394959542
1211.3273504521844,5,1,2,13.83930263765463,2.81489690140203,100.14701403115237
1211.902455798298,3,2,5,4.626793502731924,1.7041788872202046,93.7465064218265
1575.3135223903992,4,2,2,19.131382853763636,8.093070459506972,136.5526675866417
993.5821087130505,4,2,9,24.630763156816545,8.519375400789666,101.33874180847197
1238.4483107763933,1,3,23,23.67148056670729,2.4638699637091053,50.2595036596278
1015.089884517983,3,1,26,5.329097951179478,8.689113845044439,97.37474165516475
1026.2015090270738,2,3,5,21.94639937756864,7.180910160374527,97.04527866402013
1076.3311506125442,1,3,22,17.760094092086277,5.680744148949255,77.57638213949322
1288.853508653485,1,1,15,11.619240813269334,8.472251735032465,88.48255204956943
1008.5005513346091,5,1,16,13.744969360955862,4.7732432438706915,103.86449763579613
1702.3024502294084,5,2,18,21.315204287070223,2.745945606010575,100.67313667591506
842.1570791121985,5,2,2,12.263306021140142,3.563674089495523,108.91790546941269
1125.2513423354565,1,3,17,9.643580543075608,5.5464761646398335,79.42353405433292
1024.10757669033,2,2,6,12.584563579136653,5.7819771340585815,92.53425606158811
1778.7911537414932,4,2,8,14.688680198858703,8.250227437971102,153.1366351997986
1278.6219106046299,5,1,19,5.132402517569546,8.122174512871009,126.81365772756412
1612.7378157874539,2,1,11,22.57223939154127,6.232299014841174,95.66132763506818
605.7758507852112,3,2,4,17.01758024632554,8.027069350289288,97.32043754233408
1306.8201063477036,5,1,2,16.01508847476848,2.725961124643039,96.76710576568667
1555.8523182493748,4,2,10,2.9376575414256343,1.450580743839649,105.8512812045123
1232.9135957101696,3,1,24,15.302261485228499,8.8627044037123,90.8668868374683
1626.1921500261406,3,1,29,3.4635362248430623,1.6799904438649262,97.44276370539365
993.0846199598511,4,1,3,2.428093042287277,3.220195867695976,91.85005896158758
1763.738976074232,5,1,4,13.419116943238636,7.257870546619461,158.2123786147544
2119.5592494477,1,2,0,10.368245584139126,4.685031438645782,124.23762161948643
1054.8645758241364,4,3,26,14.925851618827469,8.886825729239579,118.42751526649397
1021.7989914396912,4,1,27,2.6859431174023456,3.681818151960426,86.70187671944784
1781.3537908470803,4,2,28,11.05908503975783,1.1068421200242335,91.30361589202374
1831.828858292285,3,2,17,4.78227451860637,3.705900765046697,113.45476602079002
990.8559891386926,2,1,11,24.683952105140857,6.202675442663485,59.15958503738862
1031.925273161657,1,3,12,14.248180204661772,4.38344537862964,63.71309435764412
1087.286156455797,5,1,8,17.34220309305125,5.813854801828797,110.12182758081127
662.2197955862891,5,2,1,8.472747876723892,8.88938306951517,123.45073468331262
832.5392214063207,2,3,4,2.821103412093932,9.212365488073317,108.23215433714198
798.3436932991729,4,2,12,24.408836138196648,3.393766581887009,57.38039503594022
892.8809739583487,1,1,15,7.513346366887989,5.159264259429106,62.07105292891248
1186.1260450452876,5,3,15,10.883300536752568,5.94229613717306,101.85757705706331
1293.6858930146084,5,2,23,16.421666081713088,9.542012111994223,125.78983524415766
1820.200197125631,4,2,2,1.1050837933097264,9.987555872479462,186.69378736178834
800.6583837044836,2,2,21,20.35134869767353,3.1186652395737395,38.41897720887642
1593.7289593906335,1,1,3,13.646165655701196,7.5428188421123386,113.23457246838431
1114.4044623097964,2,3,10,7.316321083186143,4.402279560098757,94.65839791089218
1180.2145161390267,2,1,22,2.0093956396654966,1.072973771975919,57.79540316434453
1469.9277968666415,1,1,25,4.481211179123815,1.0832727019231212,66.11497094487216
750.9111913750805,1,1,13,22.428329541909203,5.145094068060302,52.00744695260299
1352.9638984736202,5,3,28,17.30759348642933,5.395014217039011,92.89347945025256
1266.5808832852224,5,1,2,6.622592180103801,1.203127269160984,96.90899472742403
1396.9805056032596,1,1,15,2.1072187411532237,7.182346750968723,123.06648063620486
1315.6674575631273,3,1,21,17.420075153472588,3.646030497354578,73.7416514559651
2182.1200559643576,5,1,14,14.523989286210245,6.039037913823544,150.52202725395702
944.9040062994736,3,2,27,10.410728349226758,3.708271658488769,62.613096773560294
987.6012179992729,1,1,9,9.408480505156565,2.504208833823765,64.17261236090454
950.7437894300942,5,2,8,5.811949760263153,4.664563647389878,99.88456712654438
977.8091523358981,2,1,10,16.90547578516918,3.0904602831145067,62.66699882508053
945.0451490773929,1,3,15,24.281366680949827,5.813208792272513,57.054636198751936
1675.6066124430208,4,2,9,4.805023523002234,2.7894567725783195,115.17426658613769
1768.201699195942,3,2,16,15.129357190379832,5.575653789801644,114.21894936881822
971.7014825002095,1,2,18,10.892533865776416,2.416406633819808,48.38292198928
867.0577707583085,1,2,1,11.44387368274429,7.038772385372065,80.73563657368044
1388.5662225545616,5,3,23,6.726608363131453,7.7854391599728165,146.62836508155488
979.1107822876115,5,1,22,20.715804453704767,1.993548108249404,52.625635748610996
1453.1727271022044,5,2,1,12.388762301607407,5.210221708336053,132.10818699136524
1281.1692083405198,4,3,5,13.813443378857471,1.6378453058938622,98.20301488716183
593.7023540011072,5,2,18,7.966642363534481,6.383642009878022,92.09627154254358
1819.0020805320246,1,1,7,4.954307408840269,3.3796386813668082,109.76559628939997
1918.3510692382088,5,2,25,2.604804510969102,5.74862011154837,144.22324110973832
954.8845238062455,2,3,28,17.99591895266044,5.657149084458621,68.89861165333882
1044.9193760256064,5,1,2,5.307739901352463,9.319189115744203,145.18504433492814
1314.346156289962,4,3,25,17.406846177625546,5.941749003118506,108.65281625653363
1333.78271599481,2,1,13,10.06422292815037,6.246986317464841,80.93980902468714
1463.4177090691321,1,1,24,10.68648262424646,4.614878131879422,78.59165565968425
2004.08181550654,1,1,15,11.994848654272907,9.541716428645351,141.25032004103184
1129.2211090023802,3,2,0,9.508858449124808,7.994673184956486,118.08068982957235
880.6811021846186,2,3,20,2.965189441953457,3.568647612725574,68.10173655037136
648.2723087941891,3,3,2,8.085979345069722,8.597886271986088,102.84537547179173
907.6279840232323,2,3,21,16.76149183700149,4.891567241665809,56.02282727597954
1186.7492108504812,2,1,25,16.811717835987338,8.458004291802347,90.30375926796333
1917.8231454071151,4,2,17,7.512495527379862,8.40599261464152,174.37822593042682
992.9554803855315,3,1,8,11.772514350663355,2.6998316808656897,64.90680930448192
1289.5151806555593,4,3,5,5.239457086292468,7.310270182452192,134.87006815102242
1193.4308415708992,2,2,22,5.654115997480977,3.61578672375878,77.13734131128912
1675.3573093792336,1,2,20,1.0646536659618815,3.677434029934014,85.36229860355787
2210.7729703494488,2,2,24,22.470290472739745,3.6671326919252265,95.75884457405387
987.6524908318718,4,3,0,5.662313294335202,7.530114228039534,129.37454606036306
1004.2242229927111,3,2,20,6.074579984943352,3.0684343761328248,67.1597737255296
1617.6643508276288,3,2,26,7.3502350998057295,1.008152517214812,92.80305978316264
1472.7565958505245,4,1,9,3.6214977565380106,7.437131681343698,126.00050067294701
1938.6829302944134,3,1,26,16.16194063794339,2.5406626945161275,98.49842185843022
1433.5712741303855,5,2,5,2.3410023528508708,1.9403415577705119,131.09157203415256
1056.283163685176,1,2,22,3.7879594449955816,3.1376450853465414,65.26685950269209
1436.2619322769237,1,1,11,16.296539801457275,4.419104700904336,74.69096294049103
1643.481432233163,1,1,3,8.821685201795347,5.2831569472588065,107.63983839567075
1528.1928724789457,3,1,27,17.844721754179133,1.4011303664136774,59.637287083500496
1402.909612442919,3,3,12,14.15690624441848,9.735159993646244,117.6650594407003
1626.6698758356615,2,3,16,6.77251874000707,7.444567480776023,120.10650814521749
1667.718236178269,2,1,26,16.445284786988537,3.9087465879190253,78.87602548732697
1752.8635964150108,1,2,7,3.348705167175576,3.868275315568576,102.94457245171213
1459.483955035857,5,1,25,13.642054385460746,5.036882944316135,101.22262729380297
1133.1527678732582,2,3,19,11.210128573603349,6.636203404867296,96.99037397046833
1258.6854745733292,2,2,2,7.062902779027299,2.31735759930071,87.62970199655128
1682.6035866033426,3,3,11,15.298122444617754,2.700368323884571,112.22942258386826
873.2257316051056,5,2,6,21.847673012336923,8.734911245501959,113.04075808445
1347.4693235491604,1,3,11,24.97316514419538,3.306294315001653,67.52985327447064
1042.6644750690557,2,2,1,15.3901878342139,4.421754981776598,74.48389158126018
1211.497929173927,5,2,23,10.415293921064668,8.841446658551053,116.01888526892428
1711.3807450429194,5,2,13,6.017573955296939,6.968330464598402,147.8976504080812
1276.4396272079614,1,2,21,6.798854190180238,4.075406914075195,69.1161206193702
1218.5746192624595,5,3,22,12.246646964669258,7.153295911521587,119.1255159313412
656.0575436080323,5,3,29,9.498303681377376,1.1771489384327234,48.45921177222179
1498.5014264108881,5,2,4,22.888455804311132,7.620783940102287,139.23103076181147
1458.1936724564302,2,2,8,9.523238957564883,5.383144364646156,100.24269528723033
2065.3018893221843,1,3,20,9.649392483063169,8.318639325560152,135.3609978221982
1076.8887060187997,5,2,10,9.896595554632436,9.591738868058215,135.97297348984623
1287.6601310655756,5,2,4,20.997195154007624,9.332096945451115,144.52606895866188
1299.753473484302,2,2,2,16.444313860749098,9.183385391098067,132.325584716122
1830.9813119053897,1,1,26,15.547136832812871,5.609529603404984,104.21430798570735
1161.8817870452192,3,2,16,8.686504048404624,4.241279027250442,78.25418475964071
1311.6086103081357,2,1,1,20.538652332394765,5.185317922576055,82.70278839080875
1443.1586038866158,1,2,23,1.4399146032146777,7.209064029820247,101.56153222634316
1274.6436492625432,5,3,0,21.834530722283773,8.955979991840682,142.85588032292287
1021.4265541797887,1,1,6,13.062372544951275,2.862876727001076,58.14086907186416
1277.635997159323,1,1,29,10.257130754153614,9.263738426155328,85.9034787371892
1629.4526999439088,1,2,13,12.6805983775833,8.336622087729001,110.43289470064293
789.3938802355759,3,2,4,16.85168049807886,9.809704136604111,96.97946292251697
1253.1878696587505,1,1,18,0.8127529496884853,8.922265959535185,86.31844758654985
919.9516740243307,3,3,27,21.85302048322707,3.51943596722716,43.305500286323465
1678.018651569937,5,3,27,11.445118370129125,1.9536032020964291,113.8325138105477
590.7252380864901,3,2,10,8.902679732651915,2.0101696479242976,65.67807379218551
976.4312610913646,5,3,22,3.887016358034399,3.621009867204485,109.18390702079698
1350.8847500258084,5,3,24,11.266901671781833,6.5276535158608535,129.50932437765204
1826.2096116937362,3,2,1,12.659907896467281,8.238882934874553,141.5253050875853
1173.699895570805,2,3,7,10.389344015090206,9.093252762834082,110.85901947871541
977.9201893227207,4,2,8,17.12717229875898,6.613780459323095,84.2482993738943
1952.462827776236,1,1,26,10.811964954601038,1.0506818147324837,68.72498292973451
620.7944398335025,4,2,2,24.05473065724105,2.6768509886668017,56.22802869026694
320.4776173519672,1,1,1,15.182299186678,1.8975358346803115,11.725674589565317
1376.005780021333,1,1,6,20.28320942347177,4.26992028012109,74.84863506261722
999.1783102589555,5,3,4,3.1792196261822316,5.512158942703714,131.23577622258142
791.5068731477147,1,3,20,10.23363667717469,1.3905746072070477,34.88496936429284
1483.3425789197413,1,3,25,8.75276868545524,4.136301782160897,73.34476249841903
1297.5202855084794,3,2,4,14.4523185093465,2.6126170716279034,98.56874557684357
974.3685477053086,4,3,19,21.597281241504927,6.823631496329865,90.95277393187914
687.8782405316423,3,1,12,2.419286335169163,5.17845132391906,94.05173323136265
1548.9829313120579,1,3,20,2.278082552095414,5.457858822405179,107.45671897609573
1460.0804711834644,5,3,28,21.332783849861173,4.84922609230115,103.09734047519916
1160.329654488247,3,2,19,5.714827107939757,9.604177394379104,114.0661317288012
1938.6547984190663,3,2,28,16.884454734020437,2.932616126094069,92.78547033747164
771.9660934695389,2,1,5,13.800514242839727,5.6499783385948685,56.60730499094744
589.7899316301044,1,2,19,20.905893074737122,7.624156315288023,39.24941821912006
923.2367720475022,5,3,17,3.5646782909918864,6.011599718211063,120.66695948082602
1181.7655934578008,3,2,24,3.6796826602039765,9.36118797145121,117.47029327712765
1297.3357797290766,3,1,1,14.142049826818536,4.401715200771557,92.63867727131858
1103.505576857468,5,3,24,23.686277007280086,5.173082251958602,82.14930421610455
1340.8221586057186,1,1,25,10.667445080083478,1.7967008369325557,48.2320784272036
699.3842303238223,2,2,5,8.510081456240027,6.480991999467356,91.21065214674549
1777.5058416293036,3,2,8,15.363888418348203,3.5939077160329544,111.8683171224799
1167.1395286429724,2,1,24,23.295990713353262,2.4427813556401197,31.582659025996268
1646.918332635251,4,3,2,21.00473190469328,5.9007816361405725,137.95341405090977
1337.0901385510817,1,2,0,24.889348462963888,5.7907923704191955,96.84690102014132
1382.7012876615136,4,2,0,1.0529302884582388,1.6828447710164278,117.01274756911857
1427.9069120928816,4,3,18,3.2650245454626745,7.283939081450255,143.77173777263658
1379.083424006926,4,2,4,15.431960202482239,6.613949715857676,131.7903634714305
1457.0891039470175,1,1,12,20.604122763679317,2.7011555447184747,47.198156281636315
1731.6610120529726,1,2,18,7.48848638651578,5.224913759386395,118.80220737796856
1278.608467880588,5,2,11,6.36067165683836,7.48290624830704,144.79252512168028
1483.601503035405,2,3,15,19.78090708483942,5.764921664871489,100.52534673131827
1164.1057222851093,2,1,24,1.8813554194041737,4.559401685652132,78.27985680024034
1776.046886179789,5,3,24,9.549874865773335,3.9010461227284927,116.97059744818269
929.4430791762921,5,2,18,12.89232595351208,6.493544799796482,98.26420738792743
1920.3761731643262,4,2,2,14.228542521582924,9.451978284792165,170.0417226074851
1183.9368197422627,5,3,11,18.351071341423033,7.045703564297351,110.89522563216137
627.6899591527807,3,3,29,9.193720224051127,1.6727131327268396,42.49188455032894
1251.2417659643156,2,3,4,15.510766444527876,5.146164761339204,86.90161733650858
927.5793370100477,5,1,1,14.84169785837843,9.017417183595647,119.15854242845847
1536.2574195954896,3,2,21,13.916594466016804,1.850161832209782,69.91162258577647
938.9504082790436,3,3,6,16.191840681984196,9.89988140923789,104.75963930722565
1021.5266267140881,3,2,12,6.85650469116787,9.541624542808792,122.11135512129651
444.18370762178756,3,1,24,2.57389446282341,1.7044703265688828,32.288354979802044
1019.0774723003693,4,1,14,3.422155964973714,9.400719884045994,120.06989362855627
300.0,3,1,21,6.002268375020576,4.26819331233516,39.03888874581922
566.4388706057107,4,1,2,12.754849420308238,8.602382503682762,118.98316879599511
1504.165862457719,4,2,27,21.090847388377494,4.765450039419443,96.2300838667073
1514.320063460333,3,1,20,17.68168688116541,4.967696014322643,95.45050299759399
1370.183024713986,2,1,19,19.831494802950154,6.708187818797883,77.706244970924
813.2095427483148,3,3,4,9.098902786189239,7.970296773483851,113.33553222972083
1180.915457543208,3,1,23,10.41401667038948,1.3041023585342377,57.24722171155771
1198.5589843637727,3,3,7,10.145206206770014,6.338403959744208,106.92373267950785
736.6541243229829,2,1,21,5.200893017910287,2.6805969468763386,62.624676864048475
1801.3593207068602,1,1,0,1.9998081245175146,4.1135456607688266,120.92500454467765
1550.9449162302685,1,3,7,14.977444274267057,4.131717995396949,98.18860511740081
1111.6143304681345,4,1,23,24.73580874380436,5.221543061990382,62.49506378426932
1210.7543355978123,4,2,17,4.58732777128144,4.00722770688556,91.26084407058161
1283.353123179021,2,2,19,1.643778087532207,1.9662500660560098,77.91544547244807
383.3060526302837,5,1,27,19.598526204686358,2.310658646729063,26.406380638950083
1101.1290469917612,1,2,15,6.688357163775743,1.3009418700498792,60.23155727909929
927.2063008008806,4,3,17,20.826273231146747,5.232241767958789,86.96029331352598
799.3519960420338,1,1,19,17.746448342345627,9.590029253676896,70.53930347809288
1087.559882845618,2,1,11,23.66900165774471,2.041077012833049,51.60556020441947
1919.074610739809,2,3,12,10.518717276038464,9.516380437027738,153.78061455905964
1456.337144506804,5,3,12,16.718261066540535,7.600253632588842,129.50126309394014
971.5284040868812,5,3,9,11.888942129925132,6.737489226407469,116.09078525272973
1429.0331125424634,2,1,6,15.949423084059315,6.807499797912066,103.29804549170889
1759.7421746344007,4,3,24,11.515173197189565,8.440548835566538,151.24488352045455
1569.8534731651075,1,3,13,5.121490037389833,1.9622787794183925,90.67089767958561
1223.8521479680696,3,2,29,12.943486692082832,5.5427889120898755,79.02629126336898
941.2252889177705,5,2,23,13.450312935217337,7.273820244346827,109.18705439270107
1479.289325445436,3,1,15,20.359794282373947,6.281384005662073,99.87061730615177
1357.3941541686997,4,2,14,18.52025729194274,8.49501163920965,132.99388782721138
1558.0772880110928,5,2,11,16.76289478656538,1.6504453811021635,101.79889625485143
1454.0687206727878,3,3,8,3.277983841038027,7.216309355492493,129.098738243827
1619.8210861277341,4,3,7,18.155099121261017,5.80624957346246,136.75916227939746
985.9059153757728,1,2,17,12.757476330685613,4.412447775819491,55.31716154229796
1726.9576262537303,4,2,22,22.405438634600902,4.062474840106278,101.96480887654056
1279.0398418769598,5,2,17,23.0368378861983,6.587493694967736,107.32328310578337
2030.104349050106,2,1,12,1.8513364697437438,9.018958371798384,155.0118768142555
924.3248727641728,1,1,27,20.60571822868473,5.465583334910037,39.70269763200873
1894.3855212660997,3,1,26,1.4235860653554302,8.42250847669228,129.0569429835911
1279.1643133850591,5,2,17,9.495655829528054,4.619407436595708,102.2672203294248
939.4327985542207,2,2,14,13.78634940271644,1.921550165138589,61.03721622035553
1006.4456663782714,4,1,3,4.128469566364622,1.5535516281277468,87.68760701834523
1071.861076722272,2,1,16,18.784688407942383,1.4620093419130982,57.93855481946167
1369.6663785607666,5,2,4,0.704690252217395,4.42135127761903,125.815827822012
1409.1341952141997,5,3,21,4.630676686633903,4.035139757522579,120.01981646299426
970.5199984245684,2,1,15,14.729522331410154,7.461433212603126,89.07212055872317
1190.258163095607,4,2,8,18.002495269913663,7.685393514263792,109.14439601815923
2056.9081434447453,2,2,9,22.957756016000946,1.4576857195036586,88.67473719994699
1891.0172680402845,5,3,23,17.784667972398285,2.9901093660011346,115.94811277383174
1374.5294678696127,5,2,17,16.958592121244216,3.4683566514300974,95.15087305724768
1215.20139126728,3,2,16,10.161358085591276,5.928507857285285,103.51585923587476
1248.0125306873044,3,1,17,0.5314684254066346,2.300637015162552,70.48494250288864
1445.4071890921666,1,1,6,3.443901839022738,2.2054709746000034,95.48527440910398
790.8829739206378,5,3,3,13.596586346522958,9.494100002871622,121.16112361538734
1097.049385030662,3,3,25,17.040682203188283,8.23782616568003,80.4079871726731
532.5663704489642,2,2,4,10.727482955463332,2.6258941188205327,49.56595665403279
1359.6892490421117,4,1,27,18.40163578244556,4.659110271149419,79.43950718242903
1458.8783758810964,2,3,22,13.285626235638379,4.20059799331809,86.88652540113091
1006.7254150802504,4,3,15,2.317316792060649,8.119036666588666,128.73669613035503
1829.594705316013,3,3,2,5.204398148714747,5.591916248303098,152.19671176701527
709.6937347990636,1,2,25,21.079956469476603,2.150647632941203,31.037366929576336
614.2500479160719,2,1,17,18.26036229229877,7.650928568406195,53.51326211551073
1289.7807274239888,2,3,28,22.42166868180613,4.57199180402427,73.36040960537264
1618.839321044862,2,1,22,3.380152603462946,3.3663182286893236,98.06098730354893
1873.5710765831475,4,3,20,24.76045209806931,4.379487598186481,90.74879643307412
1016.446294852424,3,3,13,5.630464491773373,5.479809072462067,93.79682509271643
1631.4723333725183,2,1,14,0.7886069690227293,4.088039647753085,96.50232001120847
1184.5966121997171,2,1,16,24.936862006812078,3.1771519533258203,54.228667729231084
1130.9490800236722,1,1,0,7.386310193405272,4.586518259235823,85.25085325184976
1553.463974994669,1,2,24,16.866476586557717,1.1725561967490843,58.364865751264404
1460.929151365368,3,3,20,4.828716697319478,7.9524806148668254,128.2174973237438
569.4431372063002,3,2,16,14.715599038878972,2.538504042108272,42.75919410763714
1790.6161398903582,5,1,22,22.6488571681367,1.3951415226757353,88.94130081646789
1752.0365416589807,1,3,24,8.344438601996746,6.883288236145713,110.71914129902888
949.7749193961882,5,2,10,16.921222413086802,7.9654251594130505,118.4444136104412
1358.3214133749636,4,3,16,5.1036379255612045,8.324462184335589,130.5895621891137
1397.6120745130956,5,2,25,15.807487268608769,5.4415826439454,100.3185435875606
1304.2695063295628,2,1,13,8.743033619529,2.8483136622098675,76.86092327270717
979.877938461832,5,2,28,5.674602335404816,7.635049095248441,107.75184525462763
931.3506528247794,3,3,19,8.17296024223906,7.2974176943890345,90.81748061747832
1189.7783716034219,4,3,29,4.881606178441084,3.2164366069285593,95.03612152054686
1669.091607703746,2,3,18,22.596944642028127,9.130669802765137,114.7985086120712
1417.4400618377729,5,3,20,10.231078714769657,1.939343122745461,95.3857992953057
1051.7542671655576,4,1,6,6.509342971872,9.844194156321931,129.38785773490406
1508.6794842593379,4,2,23,11.485992104890355,8.742230298797182,123.01477207843769
300.0,2,1,12,8.353136086759141,7.191087809311677,57.74931292111518
1659.5062801488414,5,1,17,18.738271718426486,9.448748994518496,137.40675982391042
504.1144884887601,4,1,22,24.294887841194612,7.5008005149133705,53.8354488320668
1055.023623438747,4,3,29,11.231824589092348,2.7141129732704132,70.03188288720548
752.1320421495425,1,3,13,21.59531829931989,4.9794052430153055,58.37291270783933
682.1274097116377,4,3,0,14.363645302210678,1.643527218984718,73.27426167850061
1664.3307149514078,1,2,6,4.3522737948087205,4.5069168005930385,96.2400822131343
1012.9195194752434,5,3,7,17.42025718099287,7.674427177634878,127.18752246869809
1338.6015526922863,5,2,17,13.079145179582593,4.477990158377357,111.94249296431659
1181.2317684483264,5,3,8,16.439859819676535,3.972647579213207,109.52360248660237
1390.8163308892485,3,3,0,22.29734160800579,6.358201502592807,120.08242106598009
1230.7287564241021,5,1,28,11.29064698107313,8.849840760990055,117.65330252302354
686.8031103245721,4,1,21,22.578851768825213,1.4282487329150118,37.54167969240121
1598.506727778856,2,1,16,18.891390849900546,4.469233912297619,80.5627616851028
1002.497366735475,1,2,18,12.470820684010627,2.4241666763373644,55.07303928598123
577.3672405360995,3,2,26,15.278942323620111,7.258188256586827,66.14083301562576
1028.753935613635,5,3,5,8.47673774671578,1.9515210438802137,87.81527483434876
1800.3039162537243,5,2,2,24.598133843599967,6.983269827222201,150.08661432587522
1540.0886968453972,2,3,23,16.8501034947347,3.575627837181166,82.10639699728513
1060.5391462368564,2,2,4,1.5742478861674325,2.7902513236350224,83.23169038692497
1060.2969182726285,3,2,1,8.502236690826214,9.427173020424869,123.73237573068015
1071.345979513047,1,2,19,15.771203627096908,1.1667211907136028,36.13054291842651
2030.6991934243365,5,1,24,1.8801653060813752,4.939995447006121,146.4023205394248
1352.7741808926214,3,2,3,1.0851626873189977,1.194642932156144,90.43986054699961
1372.0166588764278,4,1,9,11.525593868431162,5.3523374329389615,97.27516020909604
1612.113381612737,4,1,9,8.650909402470415,5.5094264001497635,116.50484497771026
1295.5156636106053,3,2,23,11.238315896812564,3.8949622425527233,86.83574204833877
1096.3831416717187,5,3,20,6.935986092060126,2.1894559977252133,91.85528887860038
1121.4600603660087,3,3,10,4.535584800103033,4.387487839610278,111.25347299062423
1171.3594962343743,5,3,26,17.384012246018273,7.050366459393095,107.8332595297233
1185.1111053960633,2,2,15,13.106992348561112,8.041562277800132,106.59108745723988
1491.051817454792,3,3,25,5.403778175609487,5.776755421493281,108.73081363929322
1220.7783543229198,5,1,28,8.329940943369959,6.3085095499578,101.90901643701648
1493.0560308862316,3,3,28,14.999293737751485,2.8055473401218745,82.69784620877874
1167.713367956567,3,2,29,2.269619032675707,3.585972999048845,80.96358085675062
1231.4540761264363,5,3,16,4.112598727021399,2.4570604904712257,105.49975764302965
400.719726187157,5,1,15,2.2945173006310577,3.243658150041502,60.76399939784824
1566.5310698809926,1,2,6,20.401774651495913,3.023981022029786,64.67115832810069
1338.5953903591972,3,3,15,18.934026213694228,5.675039077521138,103.61432815076559
1599.2040439438608,4,2,2,18.9561668310418,6.0641988021165645,130.15605742778465
300.0,3,2,25,18.04997091516269,9.50452678739354,57.956241841576286
2035.349881912291,3,2,15,16.899942879911794,2.7601358239137075,112.90269847606388
1144.1641487379304,5,3,7,12.186301926765287,6.7750813914534636,125.58274465404982
1643.2731266950066,3,2,29,16.235815005924316,8.355333420887707,124.245687233831
784.0376291497877,3,3,11,1.439858092305379,6.0421731740474725,89.50882589865587
1445.1095620250278,4,1,2,15.725878355091222,3.2950328725096814,100.31526276757285
778.6337747305375,5,3,16,19.55800378565349,3.362952070180002,72.29425386557847
950.492415721678,3,1,20,12.75877982941756,1.3532774776389993,49.870215448857856
1965.6125415467145,2,3,17,9.259076546467305,3.7489980389363353,129.53276323451377
1123.7270396946615,1,2,10,7.296955002623989,7.701433111030421,97.03023208818563
1286.9731492718893,4,3,3,16.248650228971023,1.4276598148639934,97.52642777051935
1548.0270922755017,3,2,15,17.473629366432764,2.973657542543476,87.35227904733294
1398.2727551890418,2,1,16,21.838706196632295,7.3560924867860376,97.61968501526106
1260.1675620574306,3,3,8,8.887185020294273,8.04386406540589,132.92888931026877
1345.98440098649,3,2,5,19.359421530946847,5.097865690557356,95.25866639453592
2161.36623409531,5,1,23,14.25321769263878,7.28266904630784,147.2112250945427
1176.9524811865658,5,1,26,22.12949402161294,4.491569517894028,81.45257105026154
1280.439618685987,5,3,19,13.43139665324271,2.4392192052171477,90.6941737714442
1620.2617584030447,2,1,24,13.181930795750198,4.583345441706159,87.91859558852342
1642.2103731831935,3,2,1,14.657988495302273,6.2197103818282855,123.98177026641167
1674.812122224152,1,1,8,18.858226200989645,9.532479536676012,119.47637246420983
1455.492088811674,4,1,27,24.13491673129729,1.6187585687980959,60.3596547264578
742.7980349078066,5,2,20,2.3023021782862587,5.5665468446046455,92.52178060541195
1853.3726129204383,5,1,28,1.8091477585799205,3.9602780038965193,136.43491355373183
741.4618427925247,3,1,5,23.469983266479794,5.574805248490251,65.56708439477642
1321.0541860956132,3,1,2,13.48195282519605,1.215779026388785,77.53508613984917
898.2896599922568,2,1,19,15.565123856889933,3.817228192314232,53.808165187035456
1174.344661362803,2,2,5,12.319378239070858,8.378813327743046,96.96563717772631
1331.5049641213923,5,1,6,2.794607588883125,5.985475604691738,149.3985265050818
1328.5428861801092,3,2,0,19.31818977125733,5.055242435345057,101.13155887575172
1368.768301694114,1,1,22,18.80700380467038,3.5697256454380564,40.139139604208395
1845.4845076234587,4,1,0,8.136731376573895,3.682382705122203,141.95377763197183
1381.4137206055918,3,1,4,8.00286150809581,4.44791290231526,99.03655300996522
1102.3373458837405,3,1,5,21.027113832185204,8.520136389681044,108.84316913044138
1585.634867315343,2,2,12,2.2727528146625025,9.704918861274415,144.22831872094312
1675.7881955698563,4,2,1,22.087076134735863,4.947898432153371,107.23004943316883
708.956873945203,5,2,14,6.788211402449903,4.540175548729857,91.88835260581486
1438.9600279399433,3,3,14,15.028126320009601,8.618956982378766,127.73486715258191
1480.4690969243593,5,1,12,23.431857385543555,4.842147885726733,112.16993956839926
1080.9745986560033,3,1,25,17.114001287647838,5.968163550660861,77.09334766141525
1750.2827253246478,5,2,24,10.653530405442396,3.0784749813887,105.33404286496973
1139.9777651869892,4,3,13,17.39358811818267,7.691522822011677,121.19398480461346
1250.2305813886169,2,1,25,8.92750108975107,5.787894864437037,77.96222857900611
1130.7712702864521,4,2,21,7.29283120055506,8.281310952163075,130.7832979060422
1206.231619032587,1,1,6,24.918740309399652,8.026594570258027,77.89926280793213
761.4899652419192,2,1,13,18.8943606639048,2.935042914430257,38.11374226343611
623.9796469622822,4,2,25,16.295639445854533,7.440719955019862,68.59327384780642
1837.802025289989,1,2,23,9.20459625887331,8.200489671562343,116.46972937138219
861.2154606726689,3,1,26,1.70444031429868,4.1149651670415555,63.49563288870411
803.4430602174771,3,1,28,1.2608934628613124,2.553482016120471,65.97434825400589
338.6439545585141,5,2,9,14.077440758495571,1.0236894002162935,36.63611904980059
944.4153009241991,2,1,16,19.169801665456752,5.058132877838333,64.48036089597198
670.7640826370007,3,1,13,13.66579016587445,4.171894583849574,64.046083994855
1856.8060640545477,2,2,7,21.099234262508308,5.9941885044286805,125.62270297758937
1603.9268357370536,3,1,3,1.31895006078393,2.6923698332990718,113.6982787625406
924.7398619289105,5,1,25,9.485425872435533,8.736989928998277,99.43917224927372
2100.9743221377234,4,3,15,6.3082245837673625,3.319796940652987,140.51869226071494
1592.7061947966376,5,2,23,11.458187719849489,3.0378664457888496,112.50674041660888
1070.067446596551,1,3,12,2.273221633256001,5.326426508359203,91.46156769509392
300.0,3,3,21,23.876225218491278,5.489659213698468,42.92030703748779
2116.377029036297,1,3,26,5.969757326199343,2.9357670590658356,118.8101489567201
644.1710132945616,1,1,24,23.096540499347828,3.446746540533242,20.408353077666256
541.8405012172433,2,1,26,10.934382298398704,2.5273471523972044,28.21317893932757
1609.028172803856,3,3,19,24.64534126475284,7.4661416049085005,96.67381459015563
2175.9009625357094,1,3,17,14.074430394775163,7.930801281286737,131.7402298508594
1753.7091274042073,4,3,13,23.30540517230728,5.160956477133544,115.27876244366834
1425.563648020944,1,1,17,0.6310502230084597,7.426783204165157,91.53689768268762
1437.9017366661144,4,3,4,18.831850751432054,7.62341852743701,122.77371972114139
1541.366223512123,2,3,25,22.62474100101163,2.2444797491002775,64.53104886185913
1503.571435914706,1,2,8,3.923153890984375,9.69560222351083,131.8807990904367
1312.4765695877504,5,2,27,2.8550833674377114,8.389287523867878,138.41755285888007
1241.6804415807505,2,1,2,10.902028876055912,2.8403511507624115,77.59295137203002
1174.9627488401911,4,2,7,23.37513320025691,2.675485321714632,79.26040093095455
898.4141644533295,2,2,19,13.78847072466575,2.1309503102162446,44.12585879946587
1087.7299692532904,1,2,21,13.422683361182438,2.2454070628772653,47.84917679667053
522.8172743218458,3,1,9,3.957589898333386,7.7334561912582656,90.58618910004625
1160.6641492821,3,2,21,0.5193430217838603,5.226888312564612,111.949046972246
804.5635571396331,4,1,18,20.3484322232638,8.046407554658805,78.54854426651004
758.5642731136916,4,3,29,2.6455767931628364,7.716294049151848,102.21192036530326
1271.9576604613915,3,2,20,16.02932055901544,6.441514421546994,101.6050168769716
1756.8009145378396,4,1,27,22.90810313562219,7.177299459208116,98.51336528406311
1567.3266424009253,2,2,2,5.6119718723815595,1.165201519412276,111.16915077787448
571.7997585507292,5,3,10,16.799184487804315,3.805998821245198,84.8402066976244
804.1487453718651,5,1,10,2.4281151293339818,6.7403996133346915,97.02344518362177
1576.3084751952863,2,1,16,15.292001024021518,1.0841045813761978,70.25916237604676
807.0050425846762,5,1,15,4.516327163353467,1.2967924931433408,67.16076180823339
1110.1467400011902,1,3,6,18.53086223262186,8.666991842233449,94.74273541896312
1420.0208396098208,2,3,3,7.880166722450751,7.156223755228646,128.78609222144974
812.6622180545459,4,3,29,11.853079715713832,3.3883275980830954,74.87926602909205
1242.150202458384,2,1,22,15.186048279676731,7.1916655610683815,80.49651100403919
666.3898020327182,3,3,18,4.69619856132287,8.13211002225337,94.12517730513622
959.4529424195146,4,2,11,18.670126556131713,3.7611485479909113,79.51545592839443
1327.912773657015,3,3,14,7.914688345601957,1.324336397492687,90.58011776057944
562.8025065873322,4,1,10,16.728110567862462,9.39501212218961,82.56540187370003
1376.1898951841595,5,2,4,4.377934742134654,4.106618544660675,141.9041180742253
1192.1448804293275,2,3,4,17.358882650555582,1.9583358695623574,67.2193610387486
1420.9959817668591,1,2,14,3.6406077838563125,5.426711842538326,106.6537548116024
1289.5656536258646,4,2,28,10.921234158614599,7.916210160977204,115.63587158781503
1745.6561719895376,4,1,17,6.556548806602482,2.9948258315580323,116.9062155370207
1250.089801059163,3,2,10,18.835193610990473,3.4254104512002703,75.21266009174524
1028.2377835498987,5,2,25,6.919857610418426,3.1844348811872485,73.2826786638865
1248.9190012129136,3,1,11,22.102074006687207,9.925057475485104,109.25799911619352
1417.3192116145551,3,1,1,22.349595179462014,2.776633603574883,81.68141084025949
1219.5440281302817,5,1,19,5.312812222958254,6.179681952695116,107.71802305300115
1216.2366764815529,1,2,14,15.539225652689245,9.327381774912679,106.19141584041574
919.2033248772979,3,2,19,2.6490822221391257,2.3220691199000134,70.50543016682002
934.8396329796208,3,2,3,10.092658940239915,9.737687780809303,113.51013814511123
638.9578912801226,4,1,21,17.97638237278117,9.52729510956062,89.22578767270448
1899.8306972747757,5,3,17,16.65586954782295,8.961147883524363,165.5651852300252
702.454705843486,2,2,5,15.805166400461895,2.9310086919700202,46.49953072113551
922.837920881637,1,3,22,7.422251159729868,6.70649550409885,88.12711353186597
912.637093772321,1,1,26,9.76161126114285,7.848023256651161,86.58882695213282
1557.9697507777764,5,2,25,3.0221805451570116,9.874251353767868,147.00728628962958
1082.020128683189,4,3,18,18.116059100623225,2.6238143987323337,73.82496953137688
1699.0968290694937,4,2,10,12.8452755213862,7.894233095673668,145.1065036636977
930.6037503024526,5,2,27,17.864757992468537,4.049210529344016,91.37680419110364
1311.5976648895207,4,2,23,6.599116357523383,2.580638190112021,84.31656616921346
865.8611786960971,1,3,1,8.448736601559123,4.792392470924694,72.2629480362436
2058.0596511093554,1,1,26,8.68827576287281,8.144523209337548,115.68253946222089
724.9606323881949,2,2,7,1.130689038806797,5.183648233336469,92.53967975805504
1323.928284090811,5,1,28,8.855672884350277,5.837707901827437,100.91356250795928
1453.5107523728393,3,1,10,20.18096205119182,9.95643469180109,115.12836392441318
1365.5196389805992,3,3,4,22.483813145868595,4.591983696016834,99.6674487847469
1125.8849364489167,2,3,17,13.196348733080223,6.538606792383159,93.92661490747577
1148.0717201066295,2,1,22,11.659791532870896,4.287197814538347,75.36282822948601
1217.5245887916437,4,2,29,1.2552031581345713,4.535070816958345,100.02819590367037
1141.1991993486045,2,3,17,22.040506270841874,7.260766781008673,87.86141397941114
1585.5516467179639,2,2,13,0.8187502289338816,9.44098278485395,141.77105561207702
2084.2092006365406,3,2,21,23.64637696515019,5.881230554430893,107.46668960883815
977.0032859968666,4,2,9,12.485798092858222,7.9155993605390185,109.6789489427538
652.0788081683688,2,1,2,8.877395092580802,1.8028590293526743,49.410495015950396
1164.6871806594982,2,2,8,23.143351653645173,2.9004223368873427,58.090847329096604
2231.8837350617277,4,1,2,1.09757933119737,5.519184768275792,155.1171495970039
878.5301728121077,5,1,10,14.744909924292633,1.1801055126589732,56.840675201258556
1855.646722177627,4,2,11,13.948846850233771,3.275694808863029,119.30460474772968
1871.0803256305762,3,2,11,5.873349829678861,5.656611608424695,143.75228927555153
978.5647033168021,5,2,2,11.007742068080159,1.1346507843067064,99.49229864238589
1427.59323167411,1,2,20,16.480468145622368,3.3809165760343753,65.2799884642334
1851.3586492514153,4,1,6,18.314714323607223,5.626277375282825,121.5561521139822
1048.3489036050053,3,2,13,0.5175630383112046,6.158343231831211,104.1246084189686
1118.5678559590554,5,2,23,23.452909037229876,9.331765237497748,101.41133220891844
967.3276344205425,4,1,27,4.530871623623904,6.80811060925547,100.64332558659999
794.0973077228532,2,3,10,6.2227206384478,4.732622222769944,96.76374045304449
940.2889819735972,4,3,6,6.955099419499281,9.37316059419761,126.86556937575838
710.4238932950974,1,1,24,1.4265933455248652,8.063946850490147,62.90451193329496
1213.6333873036904,4,3,20,3.5147770279629604,2.800080290014728,106.24811837512117
892.0107075765433,5,1,9,24.66557311213197,2.177581252139378,63.95169400465402
1293.514364716299,5,2,10,8.22281006574351,7.082304721684596,135.5140348706127
577.6417415185491,4,2,14,3.324876713306709,6.038948490192855,101.74310867889142
1332.352092885783,5,3,18,3.1212858987782712,8.1070625241348,134.52078568105216
1533.4115846435698,2,2,15,18.12676920791431,7.649245450708178,95.99153844164128
402.5057429714178,4,3,21,21.4369322687997,6.626903804717635,61.05614801001512
1349.622627939029,2,3,20,6.795331337957512,9.87743954466003,127.35048600655142
1691.0675969893168,2,2,27,1.0122830522132569,5.802307570993678,111.25756149390016
716.1435925235178,3,2,19,5.965705451911218,2.0179518085154786,75.66134940202474
1869.0289547350812,4,3,11,1.8846344245205546,8.454462083343895,168.2895776882299
1367.6076037464181,5,2,17,3.033175947436017,3.266680261111381,109.49681034015617
917.9952576966365,2,1,22,11.071948936267239,7.9957193332952645,80.39251255164858
1177.6923689369175,3,2,12,6.133000086109998,9.613963864000462,135.4874349789389
1423.330765008689,4,2,4,13.140674023872872,7.271159625679071,124.9046114053508
1230.4021565649646,4,1,3,6.710596954801164,6.36427144854821,118.92511618963142
1415.5023969785477,1,2,27,23.543163877022216,5.143475581075365,70.70094181993623
831.7305627682535,1,2,13,22.695627214193483,4.279688793958629,51.90970689604799
1267.744329614431,2,3,7,14.386749572756418,4.177042758746526,91.98767669880365
634.5142012380079,1,2,8,9.18338780369096,6.727354351386316,88.84432956163509
1155.50957546052,2,2,24,9.838098609851022,7.761458052439713,109.4061692521054
838.4369434140841,5,1,18,10.590380937040175,7.106653625359729,87.01219763286603
905.7880229640934,2,3,2,18.32569339230613,2.7856909107420647,51.34808466956864
1694.437270084175,1,3,4,11.565155390211528,5.4458846212914205,121.21251399620542
1636.5240482377076,5,3,20,21.489883689394485,8.124760649647566,146.52721079843812
1443.6552483628707,1,2,25,23.630322255293933,5.281336703701506,64.49804781331825
763.0748941309685,2,3,17,8.73068075778388,5.829609517619445,72.22164409847896
1073.4366201220791,3,1,0,14.237014793704162,7.9402244335373995,101.29925200302743
1685.2390799916734,4,3,7,2.8288851523978287,6.951387756385824,146.20532756431322
1256.686765455962,1,1,18,5.411491670275796,4.684104287941533,85.85248253613132
2127.7318159926776,2,3,16,10.629911284398922,9.05871440074797,152.49396489644298
1357.3271357577487,5,3,16,5.5519665395935816,2.4631036179713073,113.81038902550209
1276.8196465960127,1,1,10,21.97573202432358,9.959648037312922,81.2374479563659
1076.3534143189995,1,3,1,4.378013273447903,2.0696732062861347,85.8184952393392
1253.4163619129129,4,3,5,11.663690128050753,1.1345497399381501,96.91683239516627
1139.0120654477823,2,3,21,15.339631391266954,9.010170110338882,90.35149233566354
1483.2434706754361,3,2,13,17.45066574994069,3.204581575293605,90.70487730409714
1582.6809267178337,5,1,2,9.885199558299416,7.567296647020488,148.20012899068686
885.6042157968202,2,3,11,21.79292718375585,8.299138374388624,82.09426797793981
667.5068185768888,5,1,3,14.423819201409176,8.730877519289052,84.49107033479093
465.51785075868133,1,1,11,11.26794062096502,9.9243481209775,65.89022917083666
1403.1965307650175,4,1,12,2.147395534274897,3.6463573903599915,112.26456275166484
758.6533575304505,4,3,1,11.884891976906543,7.392190077345332,106.04215157619743
338.8437628190069,3,3,1,20.60802809998539,2.038598724527454,39.176367659965905
1355.4314418123856,4,1,14,15.556254946422229,4.661283622211645,108.06866496704436
2197.199806973116,1,2,22,20.887980116363398,8.631745239813313,125.37882252386373
1197.5716353840426,3,1,28,12.603285929682988,4.308922414531975,54.4459191172304
1535.3963097806568,2,2,16,3.4023117748148053,6.319858424820526,114.6504074740707
1232.731743419026,4,1,6,0.8341762229790862,5.533960993521706,120.67083566390295
1160.444138723543,3,1,29,7.928878894605484,6.813563780008406,82.78387699338803
1567.6305931951074,1,1,27,17.600766551695916,9.756049504489255,105.23674262460833
1083.8901823245394,5,3,13,19.861367646571498,1.501619738512619,66.85330367962581
1306.9569256287612,5,2,11,7.74594444819807,6.165653657514667,126.60992146808395
1328.6791224784054,1,2,29,12.643521061639554,8.767259013252563,80.23181810632897
932.7638185427804,1,1,16,10.817413158635,5.332444405735847,58.82264073881791
1596.8169398146092,5,3,13,10.557808216609983,1.7067446734741554,119.6928993565326
1130.0160973218365,3,3,5,6.168043473403687,6.044854171750938,113.42475782418789
897.701936202862,5,2,18,3.84109207322173,3.988665017414384,93.55883868677545
1414.6039374281613,1,3,23,5.318869676664721,2.394476068041423,76.46355060880065
840.6128072835851,4,2,5,1.8556434855019794,8.641310619551257,126.07080761424675
1211.2724629476513,2,2,26,5.354203174677638,5.694395616920095,92.99860609020587
1196.3524013423187,4,2,17,0.7254219918217967,9.3994877114116,143.36080372352794
1634.3582263326311,4,3,23,15.867830815581467,8.254148541427622,144.00318152111515
1389.879293151981,1,2,4,8.251197480998231,7.236746143963006,112.20454396265433
1189.9892165019423,5,2,23,24.34204542995926,1.0452295302878074,48.924641447483
1527.1065196801148,3,1,23,5.246067744019298,4.8504111097442495,108.99056754824224
1756.0830196069253,4,2,5,8.972799972585051,2.777376534868291,133.71923079805606
1423.1241225407448,5,2,1,9.267108386717563,9.19718119943981,176.99670278438987
1204.1410479373521,3,1,7,0.7070616535302832,2.5712558620872423,103.77905539168256
675.2655070599362,4,1,14,21.060594849466746,3.5745404649335697,48.4390895058538
773.954534769851,3,3,14,1.2838642735359556,5.651530909610493,96.49397461397177
1077.910118258133,5,2,10,23.534405950866415,3.3702725709827135,80.32128963415052
956.1951191362867,2,3,21,22.355821601793707,2.8887820955120906,44.48227161122771
1125.2114788058216,5,3,21,13.620286944106107,6.391893925924772,109.93365264219025
1222.6599699588428,1,1,23,13.818091585326655,1.8003657047952148,54.12612779159174
1411.8771017426923,3,3,0,16.51755911242583,1.5235098284883226,79.14108733834945
1171.8004887763634,2,2,17,9.98272529240473,4.350207656674643,71.23263252498236
1394.6006575304807,3,1,11,16.35694594324746,7.485980090570761,118.00051918093229
1225.7897659240482,3,2,11,1.5968255228679284,5.993260824465532,126.03325917852547
409.81337345845145,4,2,24,1.824166870068301,4.8058882162010095,62.61196519221346
824.2658424724982,1,1,10,11.702145280678836,6.091764078021241,77.80595979701701
1142.3649777113537,3,2,27,13.965746377097856,4.289063361879462,80.58896518223227
716.122102863557,5,1,7,22.251532188227564,9.425317018889016,99.33346902795634
1439.9714919984817,5,2,27,3.0641855307434582,1.494144018196969,79.00443403629123
1812.300332937479,4,1,6,20.65487421625029,7.060523311268517,117.98668464095564
1687.5047406789267,1,3,22,5.646159763655705,9.021543983449755,123.42617201398625
1114.6228516279168,1,2,20,10.155049388495781,8.234962378617281,95.46123918444363
1796.2904547399808,5,1,1,8.256759653271615,2.6563693133930206,137.16797495611462
1259.4669828808446,2,2,10,10.303804185202274,3.663337140822595,80.5598785170759
1065.1656115527842,4,2,21,4.187139702778346,7.453431448363943,110.97827944382433
954.6389345836241,4,2,9,12.837466822887096,1.7584350326268898,72.64455126502482
1079.0121254047488,5,1,2,20.1402434508685,8.306755298493258,115.87788118952449
1044.7292725835084,5,3,19,11.317583254282976,7.470162501443113,119.36176247912734
1268.1664889501951,2,3,28,12.520032609505877,7.566459843118083,95.80188267607491
1264.229592419946,2,3,9,21.2948058393922,1.9021723324083224,53.155781453341106
1201.2184080613658,1,1,27,17.798423808631753,7.459844903346077,67.19529668272568
1374.7752678985398,4,3,26,12.516133008734725,7.11836312697973,115.57492354247178
1676.2585099145365,4,1,17,6.813543380634902,8.478302417396655,149.4435901611923
1579.8216541765296,5,2,13,22.18070529770168,1.3743636063082256,85.67086066542889
606.0408126200387,1,2,17,14.63699984141868,1.2079960162101298,22.98665566621933
300.0,4,3,27,5.918116447711988,4.357063898907047,62.44336362676073
1573.7279644957096,1,1,23,7.093433939631254,2.339094554642376,69.7534275721411
653.2485206338316,1,2,7,20.176760678938024,6.025460298131997,39.69844931961882
1110.0938392429266,5,1,9,1.5815662711426588,9.25614011356074,149.47373608667382
731.9547895762562,1,1,21,24.80625858220609,4.523317573006142,32.48749052653389
479.2078249679921,2,2,12,3.6936161530123988,8.604553395453436,86.98952015286284
1416.585091281915,2,1,20,20.003678872224967,1.0021678706607982,51.077564892094166
1503.6620641210588,3,2,7,10.17199526090623,2.516631791132658,84.70679012274307
969.3958397093122,5,2,3,12.559296490542938,1.2738118568867707,89.99178122670874
300.0,3,2,26,22.075939147882156,3.9533246246356177,35.81998911698213
981.5022206990069,2,1,3,10.616324144935724,9.173706361268525,96.1602849617686
1356.7216021610186,3,2,4,13.668596964994245,1.8725691123908899,97.44571966377073
608.4353724903485,5,1,0,1.7078417290246635,6.457687990694203,118.12797200216414
1273.3439679116623,5,2,16,0.5575131097526023,5.0634634520749975,115.06668094997136
1193.8760603308017,1,2,1,6.497596888542285,9.446213911292313,116.65144112156605
1431.7165998404353,4,3,29,17.174285776509798,2.1026722828338444,69.07063661313353
1247.8321473656613,1,3,7,3.4709898872988494,2.9082506545200606,86.3156560079854
810.7724236473778,5,3,6,3.287167990711461,1.2658777175034395,93.92196427974012
1678.6286006657965,2,1,14,10.56853489687963,4.905417246682363,91.52480358563729
1136.588170789212,2,1,25,16.37200744590155,3.5004960960818887,56.589457527921596
1189.0781841960272,1,2,24,17.945763810074297,8.829153405012889,88.86152825463735
826.6928163707216,5,2,4,4.872041515410182,6.444467318779796,122.0493600806189
1022.6870995233959,2,2,1,2.44990961061504,6.526816641781315,111.07794837318768
846.0789143892396,5,2,6,23.539727331665834,5.787196271931722,79.92113057005986
1130.8215760306307,2,1,7,6.886326372771492,1.826653035062809,68.01150533602909
1884.6833920569375,5,2,27,21.406989191413732,5.0051681535281975,120.37219141654734
651.2395428274575,3,2,6,21.655540536339046,9.995546707376649,104.18061600660141
554.5754408493035,5,3,29,19.426803498182338,8.517063617614134,84.56583898198481
1788.4681309974435,5,2,6,4.6364233629879665,9.041131487504042,177.7684771385299
1116.2705291392535,1,2,27,20.634135751727907,8.409037233218495,64.86921979934228
932.3709045360333,3,2,13,19.346638701418875,1.927375240878844,44.66582341836494
1615.9618749584306,4,1,20,15.119713257602319,3.0470342865831967,83.59225826566268
957.7537841052543,1,3,17,8.761449861639342,1.0280948622076866,44.79160343112851
1930.4038854187745,4,2,5,6.931460804530331,3.7315911239030033,155.43637784588134
1471.1703485357075,2,2,3,3.4862856959687947,1.9774666211184333,94.26731250013607
1004.8354367417189,4,3,9,12.98904813907135,5.255140107714247,103.87858836431361
2062.9232853062013,5,2,17,14.83889144999124,7.094147397165117,158.44654615034824
957.7140307986647,4,1,11,9.303805267636786,8.870547655342694,104.62361812454267
1496.8381488037228,1,2,15,12.14629715818128,7.742954485818084,101.75903221636139
1319.7170321625968,1,1,24,9.406104205547035,9.447270362006547,103.57888468415989
1720.6965157595191,4,1,6,16.20464840435718,1.4850846135440992,102.52289211856971
1824.604478690741,1,2,5,22.5808505910158,1.109618518748873,59.71593493092368
1212.8016596263067,1,3,27,4.51604642015015,6.9520430245259135,97.02435995781713
898.6328518615267,4,1,4,9.844515842626524,3.6041716920002163,79.64216634786789
1383.9888571756464,3,3,2,3.951280796796102,3.2815091449519582,110.4284789161176
928.9138520991576,3,2,11,15.811122374991884,3.9779837892441483,75.13460477364559
2005.3548990106492,2,1,14,18.357327482470595,3.4281645210312774,110.7646519985725
1254.614132433095,1,2,9,23.33186194863767,5.602927656714286,71.27349054785488
1053.8713794751566,4,3,25,7.3323621933936405,4.961336025017193,104.82579531872696
1273.8721223459634,1,2,19,23.78017454370304,5.611856962389907,53.731795684409356
661.1494841881214,5,2,18,2.0499354596065325,7.054422503503925,106.2642860252582
811.3543845957394,1,1,15,15.273839652432411,4.484174580740335,41.758943960906755
1680.16556317777,1,2,27,1.8997516239115844,3.261769184279411,91.5544193940307
937.2422884114417,3,2,10,22.397467600167648,2.495804831278709,53.903311623705136
781.2356069272241,4,2,7,13.480321898216326,4.14526707579363,69.52232713691686
1414.6611010109145,1,1,2,16.899034593688505,7.676258277215548,93.7391827939491
1674.2816618651987,3,3,22,20.873561184806086,7.810344191003226,105.41085786933328
1487.5813242660267,2,3,6,4.182610250857234,7.002148480157892,119.67970834030012
1598.4190743223267,3,2,22,1.445493267484279,3.1062535777618714,109.07438288909516
897.2819645722157,3,1,28,22.03258807486488,6.29277621269228,56.28694295320772
631.2757333032625,3,2,6,8.215864072743846,6.136206954191632,86.4125281175287
1800.5334607821947,1,3,13,3.659983244215549,5.35839578298753,135.90702039282584
1070.9280644631458,1,1,1,11.97730030863362,5.949810877454778,79.3500934495118
1099.6667934179811,2,3,9,15.15849885455246,5.426115693613013,92.72577270548217
1731.2776567396231,5,3,18,1.258779783851498,6.089107294666974,153.75668667827313
1422.492003760264,5,1,25,7.234943627298649,7.439553591590159,147.06900562784648
1382.355108832643,5,1,8,1.3035969197839523,1.9866537496309578,87.02041094953483
2066.0009379604335,2,2,15,10.798217035289724,7.746631769341214,134.75067417414215
942.5927078479428,5,2,18,22.429950712122984,2.2229753511483477,69.67077489935177
1571.136051232495,5,3,17,24.574984081592444,1.5996519856933724,86.18581015828806
1222.8052499588339,3,1,8,16.107665060838876,9.784717175993208,121.53391368957995
1307.4369115453028,1,1,15,4.460123497722499,9.612925919833973,111.67943479810195
1811.3873705650126,1,2,12,22.69331005498299,1.5439289044650764,78.86362374032952
1403.1343025158494,3,3,9,13.148071668401482,4.98928097327466,100.04206080735811
1415.318431619853,3,3,24,4.266858146521493,2.6762044446979725,95.80906480018628
1629.0029349239207,3,2,19,23.082303401565703,5.3681040742097625,100.34313827506325
1054.018908182846,1,1,13,19.057991742716023,8.471595186996286,79.04514516463725
864.3161330643975,5,2,11,18.42677918171721,9.555505972686012,116.51042668532041
782.0763223915866,3,2,24,17.874927242962915,6.708273881063836,78.41261234868539
413.4573642495993,2,2,18,5.408325616862837,4.185151004906354,35.38725070839553
2022.4828519761288,3,2,6,5.669663946834389,6.429930090801386,152.98744967386634
758.7166537113267,4,1,22,17.363178461467747,3.808011754976053,45.88132073007049
1111.4985505656912,3,2,14,5.883207377704723,9.188412767488543,126.94895002255218
1089.2746800444318,1,1,15,11.247456571674697,8.833604167952533,82.81856906474725
1322.9626791236403,3,2,26,19.659044727051565,6.024085752516949,65.50741613844886
1526.2948850157186,4,3,7,19.706836693397104,3.9231902384232447,116.22594653814987
1544.189395343898,2,1,9,11.604913426883561,3.640507080246805,89.0586988080242
966.7690245724247,5,3,3,19.908653487743504,1.3007619523455352,82.87183056335292
1133.1513144854355,3,2,18,21.04623400685239,8.342387659227658,106.80672552058016
1313.0319801953199,4,2,18,16.542005906464375,5.053448917351072,100.12793421259646
1100.523549526581,4,2,27,6.096433381556294,3.9261963556023796,87.52044247571446
1842.938230407997,2,1,20,7.2132886194459145,5.239993194979785,110.33807016106803
1396.3899806553004,1,3,26,8.213608307514017,8.368641914091867,96.21461877503081
1493.9511144199269,3,1,14,3.361700639481824,2.1215278693676907,92.00094373296153
1465.152507466965,4,1,13,7.192410699063656,8.718903894176446,152.00558198973636
1669.38954299413,2,2,0,5.6332209956570365,9.077579515975186,145.82638749472733
1272.4086234814827,5,3,15,11.655554370310753,9.520371235304994,142.14584094873774
681.2672208176614,4,2,9,22.75671992287049,4.57739193180365,75.66999175701481
1359.8751807010567,2,1,18,3.059767760471973,2.954263636339047,69.51793434979979
939.4572424832684,1,2,29,18.14656413671119,4.362767366200286,46.43729555255085
988.5533273000973,1,3,21,17.33843360812163,3.9962088660826294,41.144993236813804
1434.5456075020372,4,2,2,2.8459778672522624,2.5853852125257406,120.24519990709508
1695.3132285734544,4,3,4,23.1030239201921,6.465400030913392,130.97859117986968
1208.5086306944247,3,3,8,14.42756895284208,5.28961744457766,106.30671159168868
1323.5332050395855,2,2,17,9.411275267824264,8.791308930916033,105.31352252965331
1880.885977854095,4,1,10,19.035195295635013,1.2889862243385242,94.25128731717085
1296.3012717954273,3,2,15,6.805453730840034,6.794811347996137,118.24830446820768
2240.673245672158,3,1,1,17.49099100763485,7.86653990660405,151.1616861536952
1426.2038582526177,4,1,11,1.4729245855200568,7.835379122694763,143.66806093914033
495.69489633767296,1,2,21,21.06549692142716,8.974665703859726,53.74902673815105
1501.336648441813,2,1,5,11.480185752022303,7.561303685465447,112.5857343268062
1352.463353953111,2,1,10,16.098976401769573,9.350290554829266,108.12098915049671
1715.9011016330983,1,2,26,5.92032658526375,3.9939093983880234,91.30265271485003
1469.2725405079834,4,2,7,17.088305960131976,5.528884750763888,113.423148762953
1144.6176064064905,2,2,11,19.419886759385278,1.126716969546016,58.006228024169445
710.2807054842538,4,1,28,12.093723078667768,1.062618285729621,35.45563913057514
1116.3906970855899,4,3,26,15.63430963951396,3.161139584063679,72.0589998961191
859.7918183162799,3,1,29,11.679985133648765,1.9072647742517672,49.20025176162756
967.7906200781109,1,3,1,22.405238546817216,3.3419023114217827,55.53867220328271
1435.4313617682437,4,2,8,12.697794922600819,2.5933896507555767,96.19442231486336
1867.9618017405624,5,3,14,21.124313371206064,1.2566802235478343,90.16387596159647
1357.8686119291924,1,2,1,20.13312542762109,9.183737317654444,100.93073398076359
721.6467751859262,2,2,28,10.557368123034735,1.0740081825000236,23.140292401419448
1377.8410672880564,3,3,0,6.137070050508139,7.624739299033768,135.06575502149158
1678.6525946582606,2,2,9,10.44901224771439,2.369330982275649,90.23942422298745
956.0868382722472,2,3,1,20.742325706492892,9.2100665979964,111.45791765186968
1146.3931333308328,1,2,11,6.076997127575113,9.035163456308972,101.50509402904254
1205.875277891679,2,1,22,13.348690473514859,6.885110317323316,77.351609878939
886.0406747671041,4,1,7,20.249370325038313,7.050107348205446,90.51846364050425
1459.3121735375437,2,2,4,9.16019814064528,1.048052277727197,74.95166866734887
1151.6207405568873,3,2,21,16.234136106566087,9.863844095022419,121.23697180608934
1367.812977562811,3,3,27,6.517973564195956,8.90049343218233,130.95023063568783
845.0031288791599,5,1,0,3.177346411519918,9.055956031570828,124.20336567830046
1025.016679870636,3,3,14,19.96241351477498,6.933200833457848,99.67939606413042
1488.9525431311085,2,2,5,2.9247312735133173,4.103082357890829,119.88534617618852
1050.8667391632932,3,2,11,7.1488441794498225,9.042837841814327,109.03049940254547
1890.785540493362,1,3,7,21.450180838937282,3.623652353360731,89.16571350957037
1040.145525754159,3,2,12,8.988497533427346,6.064403890079825,91.92346979211823
1289.8738903007543,4,1,18,24.339611063096946,1.8975787510949416,51.50062333642798
1573.036332749236,1,3,26,24.503491201959562,9.297600671194752,93.12574128315049
632.6537068267874,5,1,0,7.072762501112139,2.26693411994092,75.38270984776645
495.6764752076897,4,1,10,1.503966445122316,3.024071251573665,71.67832805065309
589.737474171962,2,1,19,17.774050463031788,6.023207423153935,47.79837434622576
1705.0336413708728,2,3,0,11.549169314884422,7.876837001916834,139.94436064305143
979.2567416430213,2,2,29,2.968444677009619,6.57416175342669,78.88400392268527
2223.2797142673007,4,1,7,17.83430906496205,3.0892052152014053,118.11800155557552
974.3009605370446,4,1,4,1.26378527324207,1.008487382747413,86.91166700701689
1273.8205212788148,4,1,16,21.819818917059933,7.814355222766952,106.77926534826616
1816.8439810271502,1,2,29,3.8969869632759413,9.866865933199843,126.14800166155595
2002.4371552636492,1,2,7,3.6191410292947626,8.289218082754815,139.092770119244
2024.6014306545592,2,3,24,4.803971300230321,5.141859563409538,140.44229169985266
1683.3464922372568,3,2,9,24.02652578305563,9.13390535259196,130.496036935257
1609.625010324585,2,3,1,17.482649326219228,4.68862905806515,112.96146695213449
1437.0107796804732,5,3,8,20.1336026188591,5.724406758191208,126.97278537773569
1511.344430466655,1,3,23,10.24205715045245,5.2941679065611496,82.46516864117308
979.5257134685867,4,3,22,8.739661823871412,5.028614853989724,105.15696471351397
872.7204466310772,1,3,2,6.244858166187663,7.976716923645151,97.81090837729035
1198.650217035619,4,1,17,12.27587669365402,5.740920165425428,103.63006475820214
1131.9261509900286,5,2,6,14.019803971587129,3.850454098226945,114.08309824542263
1018.70878026909,5,1,14,15.978483669492507,3.3234235089263047,81.05926401842147
1478.5549789826862,1,3,20,6.799403347968015,1.3397258527069005,63.96221788301974
1582.1220834282044,4,2,21,23.742024982123272,6.248756456947413,85.44983840951987
1235.362754516739,5,1,19,4.659083206074828,3.069652738609308,97.9110140632038
1791.0120324221048,2,1,17,24.158502781777102,2.3332052981474476,75.00572549160732
743.324354346598,2,3,24,0.8639750014338428,6.8844696744490985,80.87344292108594
1122.5362162881127,4,1,2,12.287579449512718,7.13088332039394,115.03981794356879
913.271071758878,1,1,27,8.667512033855788,7.769394030318994,72.155306675805
453.38535317077606,5,1,29,11.503523641291144,5.5321920670473235,69.54268725177657
1166.9277256629202,1,1,22,14.48128218502933,9.04649144683498,82.98463458479641
1151.3009966466866,2,1,13,11.171934371311371,9.42708478058405,105.20199889935104
1805.3798972968525,5,3,23,10.663747832389076,8.266338458132406,153.21482609281748
1452.324673821911,1,3,1,18.45172367762601,6.720341338073685,106.00334700389169
790.325270268318,3,1,13,17.303968739618384,3.733488582320698,51.695331121065536
1941.6370265336755,4,3,21,20.915146409878272,9.84650429458199,147.41079319369751
1688.4134782101412,4,3,10,6.6239950403676415,3.467225504727445,124.19298278520144
1432.8390813874462,3,2,15,15.433448488974557,2.8239122979138793,86.15122419610485
1109.4063604600672,2,1,7,14.83727224212492,4.979387024079244,70.6163694518195
816.2243053106081,5,3,6,9.558576366380874,1.5115651364114961,80.921241452778
1051.1172895715788,4,3,10,12.408409776615683,9.806450182046117,144.71760712803018
1635.4994478816743,3,1,2,8.187662510990354,6.295902007747824,136.11888691200895
1953.8345223738436,3,2,16,3.9751877416161374,6.012568824977578,132.77109254861614
1817.2974113088756,2,1,13,5.738129661236955,6.902166519097479,133.82301047474846
1004.4602312854904,2,2,5,3.0850843368294267,5.47321282999486,101.35702277629039
752.1530266843955,1,1,7,17.23520459215804,1.2885716538508742,27.464714521482684
1256.3544987644816,4,1,21,16.68782113117421,6.510801599563571,90.11159310832284
492.6242537748593,1,1,4,23.789856103706885,7.445564892607876,41.52154055118576
1329.2670856739126,3,1,26,18.377121134357413,4.750741545616478,76.25964415006193
1140.9589654805325,5,2,27,1.7751230495252204,7.815660148640736,117.73709738146604
1013.5853992527032,5,2,7,22.164006761259376,3.0430116940457856,90.45037565450971
562.1187730932818,2,3,1,21.635541492170283,2.9914893195956562,58.52808362380735
1405.4400426278867,5,1,14,11.361347858931117,2.4527528891881656,97.78526584212182
986.9196641352355,5,2,11,14.853644737934077,4.347952838102456,102.98497472455648
732.0332657158848,5,2,16,24.413919145576713,8.623108318501751,89.29105230711129
300.0,3,2,0,13.541456914280074,8.451208559341579,76.24268879264042
1188.9940379797456,5,1,14,22.6803847952142,4.445417871671534,95.56297862602264
1908.9006386678975,5,3,13,2.5344495663495676,6.302068623822129,177.91053664821274
1864.503685819148,5,2,19,5.18077078336273,7.487346848274241,173.11508590740954
1017.1614973654913,1,1,21,11.298496114312286,3.170860971652207,50.10047844600247
959.1151758552878,3,2,15,14.826541804263965,2.513269773052724,69.34483454820453
1387.5097024300094,2,2,28,20.497582370638604,9.748863938910798,102.41895922577807
800.6458243246834,1,3,8,24.71242182100808,6.558015818886567,73.54928007630919
1320.7167599277864,4,2,0,10.026861663615852,9.832741496502974,151.8627422469433
1506.432111353876,3,2,27,1.6616830854320808,4.039803884190062,108.87491892284257
1690.773289553723,3,1,16,20.12870183073546,7.327285299767183,103.01071999001518
1159.9383694080188,4,1,28,15.307327617528799,3.0034327288711395,64.59972765261175
1118.5304999292136,4,3,12,5.364300042270941,3.3508015414652164,107.91061088401868
848.8069652973757,4,1,20,12.623297187224795,5.607119091426616,83.4828533148268
869.2478583840559,2,1,25,18.686601015576247,3.876563129572641,48.14283686497974
1109.4084432393893,5,3,20,19.375088783181774,2.50859407456526,81.69007503087305
1346.9462027264713,3,2,4,12.740651093969669,3.3659263179039343,91.10317969226897
1565.4338504932998,5,3,9,7.977755988157049,1.3217355501927819,116.13005711941508
878.728419727862,5,1,5,24.356693259943093,7.3398125932973795,95.72989744767439
1797.0754275838087,4,3,23,16.752383968434074,5.429049913772754,123.87375943004764
1091.5505595829725,2,2,18,10.501819223984318,1.8481875976407305,51.463794283216274
1191.4530822606255,1,3,24,7.371348993013984,2.545245938156421,61.7143128535515
901.1153283408706,2,1,12,18.412023083587272,1.9228108430137962,40.6832862571642
300.0,5,1,0,6.433494417047308,6.5133352744828885,71.92204507648833
1553.6181585444199,2,3,19,4.70689472985536,1.8478932725124442,97.81194134473726
1494.7375588369732,4,2,24,13.480930279570723,7.788540997316945,121.92944744920548
1087.4689771527146,1,3,14,7.604691119781475,1.1845982738835206,60.84061523502126
1226.7962868899488,4,2,13,15.908176050628569,3.244382091963029,83.05834371284531
1406.3756870816399,1,2,7,3.3894975344187204,9.016000083027164,130.40551237977633
574.981657245383,5,3,9,16.54605706189938,7.4667818631002145,91.96419068889676
988.378929061482,1,2,8,7.4407649359437045,1.6567149963311896,51.689909908772286
1517.7058718487308,1,1,16,0.5059518936455619,8.390134940366618,123.2570719689523
698.2842307323002,1,3,8,3.609933413017321,5.437316093861843,79.17206073965619
1317.4231728666516,2,2,2,23.373576756959803,8.621047244519463,97.14123201641799
657.367278150638,2,1,10,21.750188658326266,6.406657970053541,67.54021590781272
1386.5719929734105,5,3,11,6.223421284887802,7.136497288295729,137.8786366431273
1185.7434070810066,1,1,9,19.570111661364535,9.941514043561373,94.26265514940538
553.9472736377962,3,1,24,15.41000403276237,3.0910199133161633,48.75604104709858
1665.8957417828685,5,1,16,24.287165430521803,6.615510172852495,101.23551834703719
906.1633692807803,1,2,16,9.653338658584449,5.142892510516585,51.60061373067617
875.8990251942475,1,3,24,17.195785006670697,1.355067576304223,34.24638908026978
1280.227678892377,2,3,10,2.0566251993860054,1.1302357735257853,65.09541622521793
1659.4549397714861,5,2,29,10.208059997001946,2.073057200360728,85.31619547559792
793.6712724086412,1,3,21,24.113532699110422,6.841825664846933,63.431184618891066
1224.6719399391886,1,1,3,13.705031424027954,6.10446779122053,82.62001938852042
1371.5266001322293,5,3,6,7.553047831703692,5.980866050473547,156.3089523851217
1477.2422429052576,3,2,20,3.446638596650868,1.2867108627543407,79.78204156685305
1270.5766221108902,5,1,25,17.736444334447494,5.223726967240063,89.68672220612959
1053.1888643666712,5,2,13,16.298973064028306,9.321605360582756,127.68940919259146
868.9639117405121,3,1,6,9.661498483292478,4.57832682379582,82.95176666454891
1234.45755321855,5,1,23,23.79806312071294,6.6243022280961075,91.29953059464509
771.1443952057573,1,3,7,1.0439689182023328,8.018368080608292,93.77126347852669
300.0,5,1,0,7.941234364979732,8.055327512276989,99.15338243041657
1374.6239216630672,3,2,23,23.066202414339745,5.673520741557442,94.83484511638176
1561.5739364344781,4,3,21,8.362918238826289,8.721567508621026,148.86719982127246
300.0,5,2,3,6.680194429451674,4.522402840273722,75.15843639581925
796.107718116025,2,1,28,13.58840004331556,8.998238933063185,64.17401969298685
1447.661704402079,1,2,29,20.68314287305318,3.162044497559908,48.55496033410952
2022.9981878846795,1,2,11,3.027095641519846,3.5219476629151396,107.54414657955107
1208.3174830701632,2,1,23,23.604007386320536,1.47808561779101,38.69726743993671
908.7988235083462,2,3,2,19.97928558893852,8.160236528880546,101.79251295430691
1126.841423558064,5,2,12,4.9406312610130225,4.75349712609435,113.12936931546014
1749.950567659274,2,1,19,17.944195049354985,3.062049525202591,95.14517298009301
941.6143283501858,4,3,5,9.93148870462015,3.086112498549217,106.174849922747
880.3231973398986,3,3,10,10.356219612869808,9.112599471063099,115.32455932185762
1006.9025911271871,2,3,22,19.690607264752227,8.505249404149332,91.7288862317302
818.668556696515,2,2,3,24.08822779552794,5.98177796821465,60.22121568224197
1249.0681263979181,4,2,19,3.6030688847562513,6.54499720374149,115.06791429793434
1849.8713833878242,1,2,15,10.805440803531075,5.268930134952619,118.06942712006291
1329.2317092464116,1,3,6,12.283069398065436,4.52499888590928,85.79155601555814
1099.058599149485,5,2,21,9.719639515397441,9.239291930964983,138.32885958517141
1083.2754924337823,4,1,28,9.398133531047513,2.1305143316827184,73.75323572895816
574.7236765213372,3,2,10,1.7805823552591151,4.7660211074460515,84.3349849501964
1553.2439108588637,3,2,23,17.29569620378427,4.1010571718908775,79.96592445817588
1168.8651211948793,4,3,0,11.187253219441113,5.483356482260335,116.57847361143968
1127.8080345637497,3,2,25,5.272448164776206,5.118686870906576,94.29021569382975
2477.2430271379444,1,1,28,20.492820806400676,5.6700057848597325,103.61860136666883
1319.5011633462746,3,3,26,20.162738329714884,2.259270795042947,65.41727314744941
899.2835799619263,3,1,6,12.416594888177897,5.618273513619494,89.49453590721127
1029.4569615177827,4,3,11,7.812041198120133,3.1817693249848977,89.69635195708709
1659.3782836787018,4,3,6,16.133271782013082,2.6589821408937215,106.69435354233903
1245.3081642151058,3,2,26,7.559727326546375,1.583507969075721,55.262046741972995
624.6888086730534,2,1,22,6.282194292930945,7.863873028805268,68.06252782988742
1567.6915738300813,4,3,6,18.397609023645003,4.84697728770904,125.936305822715
932.7423657844024,5,2,9,1.4879683731632922,6.639793149805826,115.84337390872513
1949.3191104870182,5,3,29,2.821827540347552,7.54834008974269,161.56618431369657
1632.0192262858595,1,3,15,0.6663102635779495,7.113849987821982,124.5307186191495
1021.0712417364996,3,3,25,4.2471080686479405,5.234506471807141,85.92572657886342
1712.4065446940451,2,3,7,2.1902552134062567,4.491086760565569,133.47815361354503
1227.1422042109614,1,3,8,24.897158010608006,4.383639186765974,81.38482294668667
1541.1094700488877,3,3,8,7.575844263875195,6.760439172370507,141.45625161890638
1393.89312691779,4,2,1,4.157066310396559,5.453149194476861,126.08811508608012
861.4573380036506,5,3,12,6.404408320899989,8.642190231896596,144.2723569272314
942.5800670730152,2,1,12,23.4350765027333,8.87231785894041,86.93914165048871
1611.9843270324645,5,2,22,13.243925464097694,2.5350434020586663,100.59798802018133
1066.0898671573837,4,1,22,9.438043359542494,2.226102863911531,63.20239811720516
1038.5406147032013,3,3,3,21.898090718775872,6.673608334323996,106.06658291581638
817.9509682602588,4,1,24,10.177261628451296,3.7110317325605147,66.05142362859135
1369.4396262373843,4,3,23,8.707709963963547,1.1671364688858898,79.97223124773956
2025.009967697258,5,3,11,5.5784218024685215,8.997784024266597,183.43317469323893
772.9868342982909,2,2,16,9.756022185780582,3.042106905194274,51.272247808601136
1209.6877826691032,4,2,1,8.258766722414688,9.363525865172281,135.31411239474141
1764.8882221661715,5,3,12,17.093947002804455,7.456910057904283,157.16538396762982
1168.143443501714,2,2,28,7.594776264432814,7.863881409203358,100.4898054019924
1380.9487184998936,3,1,17,14.641393787352756,2.8131534621384438,83.56027238097667
775.0425887412481,3,2,27,2.1143580432833313,3.1077498305513163,69.98354897128017
1371.3228388830594,1,2,27,5.186584339064602,5.691409784416592,78.70581529169893
1125.1422939981805,5,1,26,10.481429154478045,2.5488986738487593,72.71758211326105
1594.2919982719452,2,2,14,23.45525672076304,3.7488852341472905,92.55940344570692
1674.9544206259004,4,3,7,9.742673650034538,3.89316230153024,129.30481133681752
2235.8254568074453,3,1,14,16.769815969395935,2.436669399274877,101.14461723907475
1431.8532692854303,2,3,0,6.7496369493242545,2.8466455005564466,106.14926040275991
1330.3185266328667,5,1,19,3.6123226113441773,8.096966578074309,139.14967612665689
1277.7537206309344,1,3,9,1.9341467019612282,2.5047626909254155,90.19884903055272
1058.7334828757246,3,3,11,7.982630714297408,1.2561165265953025,68.29759220652942
1335.3935373846764,2,2,4,4.362695156524245,6.664194483660446,132.73641437050443
1081.8394359443882,2,3,8,4.763255976395043,9.783848074532049,114.2651991961457
1267.3843905078456,2,2,22,19.138603055480278,3.9809243316080924,67.2386913372326
1727.0390142431838,5,1,7,0.8880327381494183,2.0679013287662706,142.35094714989026
797.3829738881436,5,3,15,14.166348080518144,6.133485928307777,103.41678836967492
1655.951424451618,5,3,13,9.796803824539888,9.157187899860816,168.99453346245068
1726.8460269359462,4,1,26,12.910474997759406,8.056556018456309,118.32952413218307
1152.7725892035685,2,1,24,14.289340811757771,6.602642815714444,78.91978609511287
351.25804039656214,3,3,12,8.177508514203316,3.8355084694683943,58.113831116052104
956.8712051622269,5,1,22,7.7301670745149895,5.87692155948598,87.40417974648318
1718.7978186244436,5,2,20,18.46834530870519,1.8212035717382982,107.03168081388323
1190.8527750804471,2,1,12,21.84628620896835,7.1105088185260295,74.87999042980894
800.2791070820357,5,1,4,5.218249995233933,7.525864170078858,111.09844778753582
998.0900315087131,4,3,15,2.8916596331111495,9.685284606189269,138.01640207197312
1536.248010601821,4,2,25,22.495997256604635,3.3435762287056447,83.05145757623015
1418.6934272805518,5,1,10,9.072438859361267,1.1661077713872037,98.30522841396262
1104.4271603321222,2,2,21,14.007276071238946,5.9104761798443555,75.9173507383662
1053.270235274125,2,2,4,9.308807040740085,7.36111453957133,114.49776612390784
1043.2967403824712,2,2,12,3.5821572404782573,8.113667282946892,100.33152314840972
831.035926200599,1,3,27,14.938625301219338,2.7436503972232953,33.61369845925542
1846.1502757877768,5,1,10,13.365950868355927,3.355775821333213,128.0216487570559
1071.071812315464,2,3,24,5.473342200184332,5.613318327405667,79.20678820928053
1686.8634083301986,4,1,18,11.570791593980807,3.9754072897300166,100.21856014129506
1808.5264207689806,3,1,2,20.025213848383324,8.744603379287005,138.32300374429127
1599.3243592591841,3,3,14,14.965439526143339,5.263841383648482,120.33294406853318
1027.3518749127807,2,2,6,2.874474513141374,8.196207796918028,121.14173426316768
1361.4920361346437,3,2,6,13.92652668211381,6.225577844341184,111.84269568146775
1190.3217574436335,3,1,5,17.717088332594876,7.9578112745540075,99.67377946519507
838.5192557079488,1,3,2,19.92123344162841,3.9940568787729145,61.397533230615146
1329.7437126886412,4,2,29,15.913380676539536,8.4827495973728,114.96801431307716
728.3840835360791,4,2,12,4.240125031249201,3.4711508399591944,83.01092403570188
1675.0717553846255,1,1,6,17.899245031458936,5.914889272029617,107.46182945706612
1014.1530810806428,1,1,4,17.09487522899715,2.926064018564868,44.366132363181805
1280.4638623491358,3,3,22,1.0984586320455139,5.27973869463574,103.80534747392245
1313.3151486184568,5,1,17,10.587817855960958,3.863576885578328,109.73805512933714
1096.438010518369,3,2,21,8.657281050578145,3.4003308757349284,64.76879982292029
1434.67752059011,1,2,29,16.900595574214265,9.702865162252337,92.98187889435984
1010.0385373509903,4,2,7,5.795327401617557,2.4406669493805757,83.68902063732605
1548.5189189828977,3,2,16,14.976362112869333,8.085932537116557,108.9136728307108
661.6081279013006,5,3,19,22.873546064447222,9.857484635348934,99.77182785318814
1250.5518318185648,3,3,26,20.04615811911089,1.1791133536607004,63.464473689974184
1975.571599623314,2,1,0,23.075714537304993,7.291246726378855,127.20796822072509
799.8674701577702,3,1,13,24.473396189850906,3.276206250006584,51.2800285117347
928.9020117900594,1,1,16,0.7614181116509877,1.36439041895474,58.80887905144371
1405.563139863566,4,3,9,15.7571612712482,4.6260062106096775,108.81273094445653
1271.8327127758391,4,2,11,10.614565245093207,9.416960291537876,155.371523713938
1340.2520397094236,1,1,15,21.566435013210484,1.1058858493029793,39.30361147437869
1395.6748520590654,2,2,13,6.669460199223726,6.290971227368035,106.44759526104814
1453.888587424708,1,1,29,24.535222483319366,5.512568307357919,53.197165003325914
1643.8799367824893,3,1,26,15.535845253821808,8.860457479339427,121.0574435740598
1363.927462771405,1,1,15,19.941666354606358,1.7560154306856308,46.65880143148358
1103.496938152583,1,1,7,2.597189044157824,7.133734268979853,96.11200320243599
1469.0294804810924,2,1,22,4.994718176592194,7.120987285899496,104.5968844753278
1959.9527739580863,3,2,27,19.08088998933798,7.021720151760549,118.0078913736566
1146.9465014469706,5,1,9,1.0386697899634285,9.481010454415333,146.31853977883816
810.1882781317433,5,2,28,20.513510654397678,8.407787761061924,86.28719787272972
1642.8322677147892,4,3,16,0.8417509579518305,1.3777545361915542,112.1575134594359
1151.8475344185606,1,1,26,16.599411557001197,5.239745656340618,64.13513104344543
330.9321815943855,4,2,29,9.444801045679244,4.581577505812001,47.49947224075296
1538.9686708601687,2,3,28,15.481623891620378,3.7913249898172188,85.09201068732344
985.868725618431,5,3,17,17.552769471233287,5.0620305263868755,87.95701852176312
1163.7866870783357,1,3,19,8.890642870064452,4.457747664333797,72.69059524322756
1332.7921322276059,2,2,15,3.145079978715471,4.891005098907987,89.68709606930618
1276.1998719116266,2,1,16,2.2063237598325083,9.813356790477782,136.6970139339855
1483.7807268556157,1,1,15,14.928932552782422,1.7976967727462267,71.64527170298558
1025.8054517720627,2,2,18,13.256056166485733,9.300077828548568,102.41811684748086
1405.2423192704332,1,1,23,18.683924723467747,5.32213042123924,84.55679898876228
1096.181328966433,1,2,23,12.98851999509646,6.61368020949587,79.18630547741395
1495.524192355001,3,1,7,10.849921855756538,8.471646699559244,127.1327566772321
1446.1469936052213,4,3,5,10.253135866787655,4.2441672623433,124.21801258288293
825.8245191821618,2,1,5,1.147949113642853,4.873797172791702,92.9136383074092
1634.392846470013,2,2,20,8.7211514415681,4.685666322508426,94.15376489625568
985.6146219543808,3,2,28,24.412493859350107,4.372579202821838,43.510598275525545
1523.223119312458,3,3,8,21.902111617563676,9.329763894822054,134.089723129956
1346.9149253605362,3,2,3,8.569762642338333,8.460369020737108,127.99487272645088
1935.2734707180489,5,1,25,14.900987424126118,1.980999908766785,88.01290978629376
1110.6136070512591,5,1,11,21.258770265619603,1.9731101722938642,62.56228225704179
1060.273281552721,5,3,27,11.311221250376683,4.850825633676921,94.1523911766536
1192.232157644907,1,2,11,0.9399676618786985,1.8879163905952816,73.4354942813213
1078.72808686629,2,3,22,2.325506314556682,6.571837857440077,99.20693627122188
1519.97676077682,4,1,16,13.004621673043312,2.293224465355605,106.7943257413221
553.4757566253649,1,3,14,24.251264704059018,5.70135937570121,40.152045603869105
778.5270323414584,2,2,8,17.48363378436226,1.0649795230334598,42.26823696862051
772.8788313683228,2,3,6,2.2374466902449535,3.8493671357138206,68.38367797856755
1580.1230367894302,3,2,9,5.139341456900638,7.094716513053899,134.0575416790448
1884.2453490327703,3,2,15,19.397417008812827,5.356350462050636,118.32583461357723
1158.2203125850115,1,1,11,21.115274118927996,9.804425373990894,78.80606151970778
1132.4713107239957,3,1,24,15.633517361620475,8.866934164595897,87.73065745911495
1228.0208652452725,2,1,6,16.288367655930507,4.2316370113883615,81.21806888794579
1664.7513210432762,3,2,17,1.1942675343929237,1.4093788732504713,97.96635153068345
829.0587463237704,5,3,14,20.798991359746957,8.610636701035169,106.99233998700453
1295.3475930939142,3,2,5,19.812742600185327,9.201108792832043,124.04822347766783
1590.0790519129719,2,1,25,6.846361030532005,8.385646540771331,130.94678071843984
1400.437667975938,1,1,11,17.86257963915492,2.1515494682778837,56.91961469297147
1275.8326466394974,4,3,10,5.763937857412453,9.98123620971059,163.53674555916552
1600.4184370268565,3,1,19,1.4880889457620683,3.3272579939749645,88.3264816047791
300.0,2,1,2,5.427845293464244,7.51784421527533,72.68055380895076
1471.150127812363,4,1,1,4.876407480480338,9.172313887021494,148.91123644034704
938.3697267490304,4,3,5,8.774825920003757,3.121184028976385,89.16427890101299
467.74684125741726,5,2,23,10.752012680798723,9.174326992093594,100.05669519664168
1404.4810398099924,4,1,21,12.959202841693845,3.7853342127538028,88.8456433348581
1749.463418065183,2,3,24,12.18046994995404,9.787719001456505,118.43597720258167
1145.0205941489232,2,1,29,7.13152784614959,3.5313401834242715,49.249180435862996
1581.1498188811756,3,3,4,1.2146813800648244,9.580922422820517,168.75587439734977
1844.9113031954582,3,1,17,15.324989744810193,1.4819018580340741,75.8246088428353
1725.965781433619,3,3,15,10.195748331260182,7.383448105028317,142.72482024661676
1855.9858117485571,4,1,7,7.817467855994968,5.789000204533034,141.27058923197856
1496.8509964287568,4,2,24,21.740055549347552,5.300893694104576,94.51331409009804
1230.1734555606372,5,1,29,18.795211041054916,3.01144882830256,72.02045183519193
559.2136752411326,3,3,25,21.515255935124834,7.350362107988428,66.5665450730724
1101.5750047480205,1,1,19,12.627078470455293,2.717285423016764,39.10220579836363
862.7013618735233,5,2,21,3.707815677106048,5.975576163862915,103.76396820694058
2068.3770869991254,1,1,10,17.557425184971173,3.2792082673622573,87.56728594451866
1129.6456750270654,4,3,9,5.548807608460793,9.600592418032205,142.88819896228117
1249.2819227137943,5,3,23,11.31012689274706,1.2576807445208753,91.96343300753634
1420.594150416187,5,2,24,2.092519329247768,2.7975545210011292,110.32860760213637
1217.4409785489815,2,3,11,20.720055859363068,3.1807954574870294,76.07436705983538
1878.0204161723013,4,1,20,3.585545705663764,4.726610431910348,123.96780779167284
950.9402553062192,4,1,27,22.625888922708086,3.0945721768304817,49.11123740794843
1277.842982094897,5,1,5,21.67364975540815,5.422141812419067,103.12359885729582
903.0117657207807,4,3,26,11.882277728761528,8.85218970932685,103.26241934178647
671.9909955117176,5,1,19,18.737021005447772,7.4085707926825375,75.60146503197008
955.2923636378858,2,1,4,15.676404308544756,6.219657824815999,75.8398377469476
1185.1852811806352,5,1,22,20.17535323727475,1.8010286018441168,58.427448619411585
1028.2791101930961,4,2,8,11.079224969254845,7.245928975503481,98.49982655400774
923.0316080504576,4,3,25,19.752307863986577,2.4977285587984586,54.21429099395138
637.4730145312665,5,3,26,11.830192018096126,8.077306473655282,102.16157126437265
1166.7577709485222,5,3,28,23.553661802148447,3.2505108265913787,78.21529841809907
598.1118503875991,5,2,15,12.416116470216116,4.753438554888108,68.48349919853324
1504.022385475841,3,3,21,11.834172162376374,4.154231820861352,97.35730084968623
1232.9759011738013,4,2,13,19.734260608306062,8.72932523207371,121.31846894621066
616.9794002140278,4,2,21,20.62865344814053,2.1389001284206732,37.45515868408985
1076.3163691800546,3,3,7,14.084983300868684,6.090803941463097,90.13495075580738
899.1374377637667,5,1,26,4.905046430629347,2.27855448498756,90.5074842638544
1327.6698041676723,2,1,19,11.960076658460698,7.34316252518968,93.91635370330688
1736.1801784092577,5,3,18,24.217776321287122,9.14570315015033,135.2323641437819
449.9310121417021,5,3,13,18.948161729460036,4.911468884805281,72.94802298641777
1246.0104316589668,3,2,6,20.373483795038737,5.392830342384783,92.49444426641385
1135.9468817733439,4,3,4,1.304224721071383,9.346805528344861,137.101548345269
1468.5360305801862,5,2,17,11.962556834536917,5.688922497844214,123.00953904815468
1285.2786512950756,4,3,1,16.342217774610106,5.388385942446049,124.62707772458774
899.2122673044723,1,1,10,20.83580074888783,6.204961924338737,55.82808101614633
1072.3784257333527,4,1,21,1.707204512777901,7.2030676272665675,93.1452011285332
881.5896572786044,2,3,7,21.384752698225892,1.9619503757832826,53.916906479080254
1630.4028554394395,2,2,0,13.935822950176837,8.389994749673644,137.80830981458968
1208.524659468777,5,1,26,5.334192279113468,4.919545247079333,97.00855380901149
1960.476274301203,4,2,21,8.27275280301765,1.6511365890773697,108.76845570368336
1175.7356744741517,5,3,11,7.407274017913238,8.07564402278392,156.73609106860562
916.6372932358149,3,3,1,13.506046340067657,4.392549745176449,84.33100666785235
594.5142429548691,2,1,17,1.7662991578227296,1.9033074558554854,34.478378948040735
478.744129497622,5,3,6,4.384135883248126,6.704011355889255,106.90750357503886
566.3456227978041,3,1,25,20.410979562706668,8.921182180902775,68.11820924223302
1306.8506604045933,5,2,16,3.748797773296871,8.989781584725877,149.70788172828827
1403.4900092919736,4,1,21,6.218208601724111,9.618971273280758,113.86448570130888
567.5237191871466,4,1,29,11.607579837301854,8.809349137900192,72.97971433894875
1558.0153256304461,4,2,22,13.169461758776595,1.019268274109277,94.04604954852374
1006.7755793266242,4,1,13,19.208456750546887,4.422170497720512,78.00129167809855
1258.7172047942197,1,1,23,11.4596444533216,8.366883219149528,77.80566889459973
1844.8882513021697,3,3,6,19.8516832153707,4.296277053986268,129.11488823724005
1558.7357263462127,3,2,21,15.649484522613708,6.4139365574173555,114.76652735579668
1092.587740837667,4,1,24,3.2709436158836502,6.456852526370788,99.40961829267638
843.523109833885,1,2,28,4.330120240624545,4.285227736349407,61.109499566360896
339.2738394682781,4,2,2,11.207326273519385,9.140265345531589,113.05816997670294
912.3386723030319,1,1,26,10.22379013068147,5.529055108475059,45.725981185705685
1115.5479044689223,4,3,5,18.716834606113718,5.183057853437507,106.28137075201353
805.1281891395264,2,2,19,14.72805992503512,9.977623710957063,105.11039707568298
1147.4972131630782,2,1,1,10.009260484555108,5.44150327665355,97.69951809715792
1230.7407531835072,5,2,16,4.683626944534448,2.6055842673572296,96.56142428904545
1110.0576072767685,4,3,11,6.057509006974631,5.617624805770943,116.50063627724178
939.9989676706161,3,3,11,14.599774952491945,8.326150619679371,115.8961933998825
1267.461868786691,5,3,29,10.874250720044916,7.991742942084533,115.6110091484611
1376.7762598277636,2,1,16,13.115723967086465,8.09723588597624,102.75870458927878
763.8403690228615,4,1,26,4.6815971649047246,7.372214055981206,87.24032176977649
1764.372951898508,5,3,9,16.74120318244186,3.287960461600194,121.78380869207075
1160.5647470862953,4,1,2,21.387199150971192,8.758756772562084,116.44575422090153
1207.539849177939,2,3,19,6.8195179162790645,9.040991188386386,115.39608081134287
1483.2857693026228,5,1,17,12.542098532879752,2.7473742695669414,104.72838843312198
1293.2864525054006,2,3,12,24.400419561012093,2.174100728962545,72.48974721735523
1581.254653565298,1,2,11,8.664422643492827,9.780444717302009,118.4591771784275
1314.8496660807298,2,3,26,15.078635450632149,8.81491567285331,104.70361498183804
955.0250501438248,4,3,26,2.709794654905987,9.03912532488952,119.7341165098864
1344.6014100824407,3,1,29,15.347367560746358,8.977387461619557,103.38186453764821
742.5095170717352,2,1,26,2.6959784459631386,5.875181416303556,65.50507587275729
1243.4238823106093,3,1,16,24.00126816543364,6.817615629992197,76.41294338756997
1186.7080037422156,1,1,3,18.03373497577163,5.908265669202775,89.4489684956551
1116.753257090984,5,1,22,19.80991480932481,1.4608571427129617,77.69323082380348
1148.5849954244277,5,1,9,17.7505568389051,7.709527768174954,118.81794082407633
447.2603818009444,3,2,10,14.948361383873412,5.547988300022922,66.26142755862118
980.5100369036154,5,3,5,11.522863136594882,6.829381673112068,123.32019924711062
1237.1379604564459,2,3,5,21.53014780414603,5.523758244779818,97.73120609847574
1263.9425567989601,3,3,26,23.942473854805044,5.426301900902104,59.359095393753925
788.9299436296167,4,2,8,12.726386236149992,2.5461019852999014,71.07589766141727
1706.2831363458804,2,3,29,23.322608704303917,3.5084234362703404,73.06513528645786
853.5300607141996,2,2,14,14.79165629471868,2.4296742274956022,51.20345532762049
1587.7828802106947,2,2,1,13.690412578962613,2.760996660628082,105.52873499987949
1370.8777447486739,4,2,3,11.634826957406238,9.756796423782744,146.02075811722793
941.5090760624787,1,3,4,5.627550157487937,2.378021011949786,66.79903559615937
1910.1243570438048,5,2,16,0.5911316900424501,3.4234338187468687,131.7606727134779
722.5452672974079,3,3,7,6.416902557973501,6.315306919647265,95.23188337895164
1567.6616694440006,1,3,7,12.988217704287347,6.491607186129777,116.68677857189931
1600.2329272171914,3,1,21,9.809018830363938,2.3857671676944614,80.0255571184079
931.7519163693421,5,1,11,11.487888086064528,8.14345683206691,97.17739266966888
1756.9861200257315,4,2,20,24.525881379319216,8.066825811215425,142.2281938229583
1099.9813941604189,2,2,7,9.081673081398526,3.13585933783502,80.49771493935633
1315.4774517119429,2,3,18,11.578482014322644,3.597996724079144,81.71769854559746
1304.1287355084883,4,2,2,3.771131008144079,9.441890789135472,162.3397390645569
1146.2765034117808,1,2,17,1.6749644447061973,8.431043013815302,105.69057813464494
1524.323309263913,1,3,20,19.49753310751612,7.2801732975627145,106.5348034662829
1517.3954882208852,3,2,18,14.481737789263477,1.7400989935954048,90.91619531141387
500.5872107047277,4,2,18,19.137267748075427,4.764376728123182,45.55179656168029
1721.736097151261,1,3,14,4.171638572720514,6.033716848691443,124.15441610799523
535.0032047857303,4,3,5,14.509804893975927,2.6867015918539923,79.58587314946546
1613.018481736663,5,1,15,6.714240621363701,5.034039238974021,119.74377284357506
1650.6820547310333,2,3,7,6.087514514050488,6.409232897398209,122.94007569400645
763.6134279139208,2,1,15,0.7823873442981388,3.946390121038593,59.564471613184104
1035.6742848181661,2,2,17,3.6933477274422613,8.028503370554384,109.86769445113474
757.7181326056257,4,3,19,8.077068731742536,8.564046234749249,109.86419660056636
1114.0315878845058,4,3,15,3.363529634478007,3.9124852249066366,89.08391859615197
1076.7862863257035,3,3,10,24.65353179006797,8.547914390432116,103.88620006730326
1511.864212907736,2,2,6,8.061499888836792,1.9321890949271352,89.1379048208375
1724.1234984478433,3,1,16,3.69293669420704,8.539561887603906,139.69319777352658
1758.2735243159823,2,2,16,5.377516664284965,2.3747538850085492,93.42165113559963
975.1327893686791,3,2,11,14.898729094366173,1.7463443725875343,64.46663261598943
1116.3112505021888,3,3,12,2.0690663346873186,6.775978639969101,126.21066475324399
526.6247231116199,5,1,9,21.629636188458342,5.247436291797649,61.89143592599893
877.6519734015245,3,2,6,24.05674214131011,9.171015403715495,81.3926924082941
1585.940653238983,4,3,13,6.545311806350831,4.268702764817643,123.30025724490538
1846.2331294192927,3,2,22,11.527334080476054,3.5843703709386583,113.20420598174668
706.2604512480311,2,2,0,1.0422940502226783,5.506614155297785,86.20240961078095
963.0142963388423,3,3,16,16.197400505816926,5.103515671917952,68.73946507049402
1189.4376972164291,1,3,3,10.641188422288428,4.099852415954694,92.0603275550764
1312.0644635278427,2,1,20,7.116432419488115,7.243671688284957,110.28799726106342
876.1585920313415,1,2,4,5.567509210106907,7.836056505225175,94.72258902152052
1369.6244177856358,2,3,19,16.52356540263963,8.67685572127123,96.81962776496064
1010.4642611716336,4,3,23,10.697317260291705,9.755709442393085,117.2257233585756
1194.2190916486884,4,1,22,4.901652581232844,3.39990572919254,88.86962144846899
1418.5136992014798,4,1,24,17.38317249642719,7.444841342409654,98.96465106479806
1202.568907924375,1,3,6,14.344270934398995,4.548324119461707,87.05939830225964
1025.4456437893725,5,1,9,21.537465345772656,7.093737747559973,93.402833121756
1156.1560784296676,2,3,16,3.378159522474076,5.283835213142983,98.08126476044026
1164.6548163178659,4,2,28,19.748831747639176,9.943957924911384,106.14803951189836
1051.9955880471489,2,1,29,17.001161277022845,7.560119222116749,75.02596164759547
1096.481574933159,1,2,6,3.3177679522883965,9.57242170390892,115.88072613194313
1839.4588682018866,5,2,0,17.523107881857158,8.514725945330671,161.26434168220624
1424.3677791764956,1,2,6,11.317908577555846,9.12610910047034,112.0487924508259
1081.8078727883358,2,3,25,23.652127246118155,8.329772774932074,81.55559034647192
1478.7817618042943,5,2,23,3.969478090138533,5.132432173383203,122.09473860245468
1066.472204097596,5,2,10,16.24941807498558,3.2660960801219594,83.12428192531681
1669.2498550346565,1,2,8,9.858511113842177,4.3328815790547,102.15924780962459
1347.8568768792375,4,3,11,23.941959429476505,1.1821260937595541,80.1277354272
1157.0791423983085,2,2,2,8.584384934611773,5.715938507182004,97.75567275302727
1379.086770324111,3,2,3,24.073554782549103,5.5455202024336785,105.49631398863818
571.6495391726003,3,1,3,22.586403351968354,5.727254183474394,61.695864816740624
749.2930124360779,1,3,27,7.1243892651110805,9.766281024748574,74.89577349511255
722.4299974403779,2,2,24,20.18677353224748,9.203086031093553,81.00288979199081
1257.1772379054828,2,1,12,24.892302944185897,2.455415004970972,58.970605653589786
1893.0059997940366,1,3,22,6.690243553196417,4.319942694003003,116.4912835810062
2092.5200584770528,2,3,18,11.201040648421332,4.815605615169357,129.41981119928008
1455.220440576303,4,3,9,13.244428045885613,4.244796260664829,96.1585666106437
1400.337789977783,1,3,4,7.725812827194676,8.186463672435217,131.40395592103252
479.57690633890445,4,3,6,0.8739885713277291,5.7163390288082825,97.51651013906698
982.9304801063913,2,3,23,5.893166482839403,6.1488983527446255,89.47921539649444
884.8864992367044,1,2,15,7.407453666373082,8.67712203089133,93.3167526335413
951.6609606995536,2,2,0,11.368192682295586,8.253353380738227,120.19324919831108
1132.7424725660842,1,2,11,4.692010721128346,2.1899037053826973,63.312631156687104
1011.1637689211491,2,2,1,21.89473173894598,7.425231256752708,84.81685513331718
408.28007584968486,4,1,6,17.770322751917735,4.91892516011832,51.953490897967924
1499.1641024470136,4,2,10,2.5874117002117183,3.651840127562504,111.70899092407562
770.9027897040773,2,3,28,16.42726505292832,1.450169388119677,23.866673933209995
1295.69874564446,1,2,29,16.5145836719377,5.385246043109059,50.78630143616646
2029.6330678999893,3,2,12,23.927418754268878,4.198930126520782,115.62741279424137
832.2461633654307,4,3,1,0.5740113482259506,3.2636173570876075,118.44642039419557
300.0,4,2,6,6.574345020242276,7.252045566372618,102.73565394850674
1085.5983112479557,3,2,14,23.23089124469523,7.925368485840283,84.50812043522943
1640.3838539994285,2,2,24,23.337280927257936,3.203105671264823,69.65393532373979
1983.3389816882377,1,1,10,18.154367274580615,1.4450269301141252,91.00191247076508
708.1801622190333,2,2,1,19.26120136566473,8.638774305087114,89.24608720524377
1398.6796892946086,5,3,6,2.741332469276354,1.0896376708387299,117.46493845291506
1013.8758172879786,4,3,3,13.089957952066724,9.434012445293249,129.0666602764979
1157.6206582783457,5,2,10,6.173783286580485,6.648578865844353,136.00227443324079
2257.737338806814,4,2,28,4.939842068533623,3.8966197168118826,130.06568039528585
598.8118686419388,4,2,1,20.352430828521648,3.218301186190626,66.88042473537277
1301.4958645978295,5,3,28,3.808434348673412,1.081050978380277,95.8429692989568
1387.0772687061733,5,3,15,11.981965106411439,3.119242753097894,110.10255113613822
1634.3145299757389,2,1,6,23.495166869857808,2.23955471365427,81.28911914647318
1239.1932613883582,5,1,12,5.052885361350892,6.509495986508311,124.42710860736733
1323.220215801641,2,1,4,24.46083888158675,2.498910297344212,58.70914411773543
1043.3405730312836,2,3,16,24.860055651145945,5.7576685378295736,70.60436070386721
1307.650776498043,2,1,20,14.11262028971887,6.311047801100237,72.03859804424808
1062.7230898010357,4,2,11,4.6684971343403685,3.6823752851222307,102.41631204014409
1448.6287559424204,4,2,27,8.244569754551943,1.3155845411684683,90.53415158695398
1052.1558655825465,5,3,18,10.900074400575111,1.3352849255277648,77.6257179721218
1350.8401575608746,4,1,6,8.078443496776462,1.2371259897452584,83.56034105963296
1188.2948745260087,5,2,5,7.375571706974636,7.652122004228916,131.5773020773057
1650.4201003088672,4,3,7,24.31962787580076,3.862087343328683,109.15369130387108
1179.4425105646055,1,1,12,4.257438271685768,8.166701673708973,102.09328475592294
490.7870127172474,1,2,4,18.466533763563124,4.885595414585643,56.96308309463488
1704.7686002855967,5,1,1,0.5100520912597843,5.076982907469675,162.67715007704737
837.7070796549524,4,3,8,15.106475400358233,5.615943422586164,100.51704996014021
938.4934645404721,4,1,29,22.940603596874283,7.417283107375935,73.97726553112119
961.7354823826031,2,3,10,7.554385305283866,3.4615257924673637,70.56659640688383
1749.775237268327,3,1,23,5.04538639381412,2.094286145801742,109.28823674667831
345.73031440852185,5,2,5,16.46615497452146,6.004516016723153,75.84443723383819
2455.0994134639977,3,3,28,17.958734478810634,3.9427986091846536,131.43677695789705
1622.4227236264207,3,3,25,17.356747714323543,4.982421823012336,106.09427535242963
1289.2955656516638,5,3,6,8.323263560523664,6.822520375035748,139.65827327489237
1178.0423997534854,4,1,24,6.678958852903606,5.447131670271435,104.6887261506417
1314.2216299430627,5,1,6,23.920010599070082,6.582509353907586,113.77415230481938
1408.4489713517353,3,2,18,23.12083795261327,5.89780001902265,98.53110645894215
1458.0862343800227,4,3,5,11.704256942374098,7.658167347424892,144.09654077525215
1422.2417864013794,1,3,10,21.231749720782148,7.35342955940458,97.34016078180245
1235.8322725020996,5,1,28,11.581925202040253,5.807709026277573,99.75388106998894
1121.0646318770696,5,1,10,10.897530942776505,7.110127187737362,116.53371060296848
1139.4906865385954,4,2,6,4.340692216182719,8.862036420453514,126.16618221010302
1122.0366878589275,1,2,1,10.946948384053334,4.890441590093517,75.89140674547991
1653.5080387468258,1,1,18,13.666714995695271,4.714867654739143,90.82138996379713
1437.4226889123447,4,3,3,1.0513560220028184,7.878210587671421,145.21668710095292
300.0,2,2,25,11.380768626797456,6.242984533377946,40.06719852510924
1462.3603106119044,5,1,5,19.64322735068241,1.6390610220032968,84.66787873300323
1277.89447788751,5,1,16,17.16112838116961,9.029008141219732,119.62419471054226
1192.5164974216411,3,3,24,16.061346227166407,1.2770479201387612,60.60975999937665
1044.5926187644457,4,1,4,22.784107996711462,7.735567205887688,96.62927141674062
1649.6450879944055,3,1,28,0.9417842407181353,7.829147284338816,115.2518561589188
1579.010584849143,3,2,27,14.147665861709736,9.577999767537374,122.46203187061228
890.8489328705564,1,1,29,19.790046786037824,1.4872096756208868,10.0
1362.820914849814,5,1,6,13.762716876181047,6.371711747060418,118.14949372137808
811.3373061834857,3,2,8,8.43544103821929,4.8505651356434765,89.01520157265452
648.1527340844278,1,3,24,3.8381388447534577,3.9756965937358784,59.858429954169225
949.313110164014,4,3,0,22.245295259496686,1.8128670426916573,63.41417121635143
1544.9573889531034,3,2,0,12.033678613496273,6.063887077041783,138.01531780557
1581.2500181504347,5,2,18,22.013822326149683,5.311366531071522,108.12717059806725
1405.2341680389172,3,3,5,14.853376999612623,1.9409901233592184,87.2493449373163
1490.038314739199,4,3,17,17.01770685706752,6.512405563873751,111.97167101929918
1406.4713148459834,3,3,9,20.204398282272027,7.641578082276446,117.1426963228938
943.4073619108192,5,3,27,16.649310842703294,7.905504709482834,119.15958853203139
1372.7690178695761,1,3,10,10.252343596633974,9.148358694361846,107.04467030271812
1520.163810091073,5,2,0,13.08401790625195,4.685236676998995,114.36287992121731
1501.7165319254298,1,1,0,20.174615354559055,9.577654917599233,115.98171922274558
1675.5653485898572,2,3,12,9.654432261138112,8.788864645744175,142.50302323104523
1483.3215388804256,5,3,4,10.008975690828178,3.668514139215451,128.97116093443978
1340.579283016633,5,1,19,2.844407843421028,2.4335473361451263,106.08045814384468
1628.060095326571,4,1,0,22.90731866293282,4.918504565152121,103.23486133796872
1189.391496300376,3,1,19,2.7303897161633226,4.6170883716037,84.18972172537708
847.2501395089129,1,1,2,16.38112484748962,6.181473747980839,67.94941240884573
1134.7732144224944,1,1,17,10.623264730668543,6.250476090949732,89.28428840373897
902.0389420774204,4,1,8,10.437675061258338,7.7498828594197775,109.65128475721299
